# crate	file	line	item	transpiled_type	class	safe_type	evidence
plfsbdev	plfsbdev/src/plfsclient/mfsio.rs	676	id	[::core::ffi::c_char; 72]	BUF	Mutex<[…; N]> or thread_local	auto:type-shape
plfsbdev	plfsbdev/src/plfsclient/mfsio.rs	885	last_umask	mode_t	STATIC	AtomicU32	auto:type-shape
plfsbdev	plfsbdev/src/plfsclient/mfsioint.rs	1041	FDTAB	Vec<std::mem::MaybeUninit<file_info>>	BUF	Mutex<Vec<std::mem::MaybeUninit<file_info>>> or thread_local	auto:type-shape
plfsbdev	plfsbdev/src/plfsclient/mfsioint.rs	1042	fdtabsize	uint32_t	STATIC	AtomicU32	auto:type-shape
plfsbdev	plfsbdev/src/plfsclient/mfsioint.rs	1043	FDTABUSEMASK	Vec<uint32_t>	BUF	Mutex<Vec<uint32_t>> or thread_local	auto:type-shape
plfsbdev	plfsbdev/src/plfsclient/mfsioint.rs	1349	sugid_clear_mode	::core::ffi::c_int	BUF	Mutex<::core::ffi::c_int> or thread_local	auto:type-shape
plfsbdev	plfsbdev/src/plfsclient/mfsioint.rs	1350	mkdir_copy_sgid	::core::ffi::c_int	BUF	Mutex<::core::ffi::c_int> or thread_local	auto:type-shape
plfsbdev	plfsbdev/src/plfsclient/mfsioint.rs	6	stderr	*mut FILE	UNKNOWN	Option<NonNull<_>> + per-site analysis	auto:type-shape
plfsbdev	plfsbdev/src/plfsclient/mfsioint_lookupcache.rs	137	lcache_retention	::core::ffi::c_double	BUF	Mutex<::core::ffi::c_double> or thread_local	auto:type-shape
plfsbdev	plfsbdev/src/plfsclient/mfsioint_lookupcache.rs	59	lcache	[[path_lookup_cache; 8]; 64]	BUF	Mutex<[…; N]> or thread_local	auto:type-shape
plfsbdev	plfsbdev/src/plfsclient/plfsbdev.rs	106	optarg	*mut ::core::ffi::c_char	UNKNOWN	Option<NonNull<_>> + per-site analysis	auto:type-shape
plfsbdev	plfsbdev/src/plfsclient/plfsbdev.rs	1527	term	uint8_t	STATIC	AtomicU8	auto:type-shape
plfsbdev	plfsbdev/src/plfsclient/plfsbdev.rs	19	stdout	*mut FILE	UNKNOWN	Option<NonNull<_>> + per-site analysis	auto:type-shape
plfsbdev	plfsbdev/src/plfsclient/plfsbdev.rs	20	stderr	*mut FILE	UNKNOWN	Option<NonNull<_>> + per-site analysis	auto:type-shape
plfsbdev	plfsbdev/src/plfsclient/plfsbdev.rs	2205	bdl	*mut bdlist	UNKNOWN	Option<NonNull<_>> + per-site analysis	auto:type-shape
plfsbdev	plfsbdev/src/plfsclient/plfsbdev.rs	2541	bdl	*mut bdlist	UNKNOWN	Option<NonNull<_>> + per-site analysis	auto:type-shape
plfsbdev	plfsbdev/src/plfsclient/plfsbdev.rs	2715	bdl	*mut bdlist	UNKNOWN	Option<NonNull<_>> + per-site analysis	auto:type-shape
plfsbdev	plfsbdev/src/plfsclient/plfsbdev.rs	2861	bdl	*mut bdlist	UNKNOWN	Option<NonNull<_>> + per-site analysis	auto:type-shape
plfsbdev	plfsbdev/src/plfsclient/plfsbdev.rs	2990	bdl	*mut bdlist	UNKNOWN	Option<NonNull<_>> + per-site analysis	auto:type-shape
plfsbdev	plfsbdev/src/plfsclient/plfsbdev.rs	825	NbdTimeout	::core::ffi::c_int	BUF	Mutex<::core::ffi::c_int> or thread_local	auto:type-shape
plfsbdev	plfsbdev/src/plfsclient/plfsbdev.rs	828	workers_set	*mut ::core::ffi::c_void	UNKNOWN	Option<NonNull<_>> + per-site analysis	auto:type-shape
plfsbdev	plfsbdev/src/plfsclient/plfsbdev.rs	829	BDHEAD	Vec<Box<bdlist>>	BUF	Mutex<Vec<Box<bdlist>>> or thread_local	auto:type-shape
plfsbdev	plfsbdev/src/plfsclient/plfsbdev.rs	836	mcfg	mfscfg	BUF	Mutex<mfscfg> or thread_local	auto:type-shape
plfsbdev	plfsbdev/src/plfsclient/plfsbdev.rs	915	skipbuff	[uint8_t; 16384]	BUF	Mutex<[…; N]> or thread_local	auto:type-shape
plfsbdev	plfsbdev/src/plfscommon/strerr.rs	197	errtab	[errent; 132]	BUF	Mutex<[…; N]> or thread_local	auto:type-shape
plfsbdev	plfsbdev/src/plfscommon/strerr.rs	748	errhash	*mut errent	UNKNOWN	Option<NonNull<_>> + per-site analysis	auto:type-shape
plfsbdev	plfsbdev/src/plfscommon/strerr.rs	749	errhsize	uint32_t	STATIC	AtomicU32	auto:type-shape
plfsbdev	plfsbdev/src/plfscommon/strerr.rs	751	strerrstorage	*mut ::core::ffi::c_void	UNKNOWN	Option<NonNull<_>> + per-site analysis	auto:type-shape
plfschunkserver	plfschunkserver/src/plfschunkserver/bgjobs.rs	1033	lastnotify	uint32_t	STATIC	AtomicU32	auto:type-shape
plfschunkserver	plfschunkserver/src/plfschunkserver/bgjobs.rs	425	jobtype_str	[*mut ::core::ffi::c_char; 6]	BUF	Mutex<[…; N]> or thread_local	auto:type-shape
plfschunkserver	plfschunkserver/src/plfschunkserver/bgjobs.rs	433	hp_pool	*mut jobpool	UNKNOWN	Option<NonNull<_>> + per-site analysis	auto:type-shape
plfschunkserver	plfschunkserver/src/plfschunkserver/bgjobs.rs	434	lp_pool	*mut jobpool	UNKNOWN	Option<NonNull<_>> + per-site analysis	auto:type-shape
plfschunkserver	plfschunkserver/src/plfschunkserver/bgjobs.rs	435	stats_maxjobscnt	uint32_t	STATIC	AtomicU32	auto:type-shape
plfschunkserver	plfschunkserver/src/plfschunkserver/bgjobs.rs	45	stderr	*mut FILE	UNKNOWN	Option<NonNull<_>> + per-site analysis	auto:type-shape
plfschunkserver	plfschunkserver/src/plfschunkserver/bgjobs.rs	5892	current_hlstatus	uint8_t	STATIC	AtomicU8	auto:type-shape
plfschunkserver	plfschunkserver/src/plfschunkserver/busychunks.rs	20	bchashmap	[*mut busy_chunk; 1024]	BUF	Mutex<[…; N]> or thread_local	auto:type-shape
plfschunkserver	plfschunkserver/src/plfschunkserver/chartsdata.rs	171	calcdefs	[uint32_t; 15]	BUF	Mutex<[…; N]> or thread_local	auto:type-shape
plfschunkserver	plfschunkserver/src/plfschunkserver/chartsdata.rs	188	statdefs	[statdef; 49]	BUF	Mutex<[…; N]> or thread_local	auto:type-shape
plfschunkserver	plfschunkserver/src/plfschunkserver/chartsdata.rs	197	estatdefs	[estatdef; 13]	BUF	Mutex<[…; N]> or thread_local	auto:type-shape
plfschunkserver	plfschunkserver/src/plfschunkserver/csserv.rs	31	stderr	*mut FILE	UNKNOWN	Option<NonNull<_>> + per-site analysis	auto:type-shape
plfschunkserver	plfschunkserver/src/plfschunkserver/csserv.rs	409	csservhead	*mut csserventry	UNKNOWN	Option<NonNull<_>> + per-site analysis	auto:type-shape
plfschunkserver	plfschunkserver/src/plfschunkserver/csserv.rs	410	lsock	::core::ffi::c_int	BUF	Mutex<::core::ffi::c_int> or thread_local	auto:type-shape
plfschunkserver	plfschunkserver/src/plfschunkserver/csserv.rs	411	lsockpdescpos	int32_t	STATIC	AtomicI32	auto:type-shape
plfschunkserver	plfschunkserver/src/plfschunkserver/csserv.rs	412	mylistenip	uint32_t	STATIC	AtomicU32	auto:type-shape
plfschunkserver	plfschunkserver/src/plfschunkserver/csserv.rs	413	mylistenport	uint16_t	STATIC	AtomicU16	auto:type-shape
plfschunkserver	plfschunkserver/src/plfschunkserver/csserv.rs	414	stats_bytesin	uint64_t	STATIC	AtomicU64	auto:type-shape
plfschunkserver	plfschunkserver/src/plfschunkserver/csserv.rs	415	stats_bytesout	uint64_t	STATIC	AtomicU64	auto:type-shape
plfschunkserver	plfschunkserver/src/plfschunkserver/csserv.rs	416	ListenHost	*mut ::core::ffi::c_char	UNKNOWN	Option<NonNull<_>> + per-site analysis	auto:type-shape
plfschunkserver	plfschunkserver/src/plfschunkserver/csserv.rs	417	ListenPort	*mut ::core::ffi::c_char	UNKNOWN	Option<NonNull<_>> + per-site analysis	auto:type-shape
plfschunkserver	plfschunkserver/src/plfschunkserver/csserv.rs	552	vstring	[::core::ffi::c_char; 9]	BUF	Mutex<[…; N]> or thread_local	auto:type-shape
plfschunkserver	plfschunkserver/src/plfschunkserver/hddspacemgr.rs	1036	CanUseMmap	uint8_t	STATIC	AtomicU8	auto:type-shape
plfschunkserver	plfschunkserver/src/plfschunkserver/hddspacemgr.rs	1072	wfrcurrent	[*mut waitforremoval; 256] =	BUF	Mutex<[…; N]> or thread_local	auto:type-shape
plfschunkserver	plfschunkserver/src/plfschunkserver/hddspacemgr.rs	1074	wfrcurrentleng	uint32_t	STATIC	AtomicU32	auto:type-shape
plfschunkserver	plfschunkserver/src/plfschunkserver/hddspacemgr.rs	1075	wfrhash	[*mut waitforremoval; 65536] =	BUF	Mutex<[…; N]> or thread_local	auto:type-shape
plfschunkserver	plfschunkserver/src/plfschunkserver/hddspacemgr.rs	1077	Sparsification	uint8_t	STATIC	AtomicU8	auto:type-shape
plfschunkserver	plfschunkserver/src/plfschunkserver/hddspacemgr.rs	1078	HDDTestMBPS	::core::ffi::c_double	BUF	Mutex<::core::ffi::c_double> or thread_local	auto:type-shape
plfschunkserver	plfschunkserver/src/plfschunkserver/hddspacemgr.rs	1079	HDDRebalancePerc	uint32_t	STATIC	AtomicU32	auto:type-shape
plfschunkserver	plfschunkserver/src/plfschunkserver/hddspacemgr.rs	1080	HSRebalanceLimit	uint32_t	STATIC	AtomicU32	auto:type-shape
plfschunkserver	plfschunkserver/src/plfschunkserver/hddspacemgr.rs	1081	HDDErrorCount	uint32_t	STATIC	AtomicU32	auto:type-shape
plfschunkserver	plfschunkserver/src/plfschunkserver/hddspacemgr.rs	1082	HDDErrorTime	uint32_t	STATIC	AtomicU32	auto:type-shape
plfschunkserver	plfschunkserver/src/plfschunkserver/hddspacemgr.rs	1083	HDDRoundRobinChunkCount	uint32_t	STATIC	AtomicU32	auto:type-shape
plfschunkserver	plfschunkserver/src/plfschunkserver/hddspacemgr.rs	1084	HDDKeepDuplicatesHours	uint32_t =	BUF	Mutex<uint32_t => or thread_local	auto:type-shape
plfschunkserver	plfschunkserver/src/plfschunkserver/hddspacemgr.rs	1086	LeaveFree	uint64_t	STATIC	AtomicU64	auto:type-shape
plfschunkserver	plfschunkserver/src/plfschunkserver/hddspacemgr.rs	1087	DoFsyncBeforeClose	uint8_t	STATIC	AtomicU8	auto:type-shape
plfschunkserver	plfschunkserver/src/plfschunkserver/hddspacemgr.rs	1088	MinTimeBetweenTests	uint32_t	STATIC	AtomicU32	auto:type-shape
plfschunkserver	plfschunkserver/src/plfschunkserver/hddspacemgr.rs	1089	MinFlushCacheTime	int32_t	STATIC	AtomicI32	auto:type-shape
plfschunkserver	plfschunkserver/src/plfschunkserver/hddspacemgr.rs	1090	cfglinehead	*mut cfgline	UNKNOWN	Option<NonNull<_>> + per-site analysis	auto:type-shape
plfschunkserver	plfschunkserver/src/plfschunkserver/hddspacemgr.rs	1091	folderhead	*mut folder	UNKNOWN	Option<NonNull<_>> + per-site analysis	auto:type-shape
plfschunkserver	plfschunkserver/src/plfschunkserver/hddspacemgr.rs	1092	hashtab	[*mut chunk; 16777216]	BUF	Mutex<[…; N]> or thread_local	auto:type-shape
plfschunkserver	plfschunkserver/src/plfschunkserver/hddspacemgr.rs	1093	dophashtab	[*mut dopchunk; 64]	BUF	Mutex<[…; N]> or thread_local	auto:type-shape
plfschunkserver	plfschunkserver/src/plfschunkserver/hddspacemgr.rs	1094	newdopchunks	*mut dopchunk	UNKNOWN	Option<NonNull<_>> + per-site analysis	auto:type-shape
plfschunkserver	plfschunkserver/src/plfschunkserver/hddspacemgr.rs	1095	regfirstchunks	*mut regfirstchunk	UNKNOWN	Option<NonNull<_>> + per-site analysis	auto:type-shape
plfschunkserver	plfschunkserver/src/plfschunkserver/hddspacemgr.rs	1096	damagedchunks	*mut damagedchunk	UNKNOWN	Option<NonNull<_>> + per-site analysis	auto:type-shape
plfschunkserver	plfschunkserver/src/plfschunkserver/hddspacemgr.rs	1097	lostchunks	*mut lostchunk	UNKNOWN	Option<NonNull<_>> + per-site analysis	auto:type-shape
plfschunkserver	plfschunkserver/src/plfschunkserver/hddspacemgr.rs	1098	nonexistentchunks	*mut nonechunk	UNKNOWN	Option<NonNull<_>> + per-site analysis	auto:type-shape
plfschunkserver	plfschunkserver/src/plfschunkserver/hddspacemgr.rs	1099	newchunks	*mut newchunk	UNKNOWN	Option<NonNull<_>> + per-site analysis	auto:type-shape
plfschunkserver	plfschunkserver/src/plfschunkserver/hddspacemgr.rs	1100	chgchunks	*mut chgchunk	UNKNOWN	Option<NonNull<_>> + per-site analysis	auto:type-shape
plfschunkserver	plfschunkserver/src/plfschunkserver/hddspacemgr.rs	1101	errorcounter	uint32_t	STATIC	AtomicU32	auto:type-shape
plfschunkserver	plfschunkserver/src/plfschunkserver/hddspacemgr.rs	1102	hddspacechanged	uint8_t	STATIC	AtomicU8	auto:type-shape
plfschunkserver	plfschunkserver/src/plfschunkserver/hddspacemgr.rs	1103	hddspacerecalc	uint8_t	STATIC	AtomicU8	auto:type-shape
plfschunkserver	plfschunkserver/src/plfschunkserver/hddspacemgr.rs	1104	global_rebalance_is_on	uint8_t	STATIC	AtomicU8	auto:type-shape
plfschunkserver	plfschunkserver/src/plfschunkserver/hddspacemgr.rs	1105	delayedthread	pthread_t	BUF	Mutex<pthread_t> or thread_local	auto:type-shape
plfschunkserver	plfschunkserver/src/plfschunkserver/hddspacemgr.rs	1106	foldersthread	pthread_t	BUF	Mutex<pthread_t> or thread_local	auto:type-shape
plfschunkserver	plfschunkserver/src/plfschunkserver/hddspacemgr.rs	1107	hsrebalancethread	pthread_t	BUF	Mutex<pthread_t> or thread_local	auto:type-shape
plfschunkserver	plfschunkserver/src/plfschunkserver/hddspacemgr.rs	1108	testerthread	pthread_t	BUF	Mutex<pthread_t> or thread_local	auto:type-shape
plfschunkserver	plfschunkserver/src/plfschunkserver/hddspacemgr.rs	1109	rebalancethread	pthread_t	BUF	Mutex<pthread_t> or thread_local	auto:type-shape
plfschunkserver	plfschunkserver/src/plfschunkserver/hddspacemgr.rs	1110	knowndiskusagethread	pthread_t	BUF	Mutex<pthread_t> or thread_local	auto:type-shape
plfschunkserver	plfschunkserver/src/plfschunkserver/hddspacemgr.rs	1111	term	uint8_t	STATIC	AtomicU8	auto:type-shape
plfschunkserver	plfschunkserver/src/plfschunkserver/hddspacemgr.rs	1112	folderactions	uint8_t	STATIC	AtomicU8	auto:type-shape
plfschunkserver	plfschunkserver/src/plfschunkserver/hddspacemgr.rs	1113	termlock	pthread_mutex_t	BUF	Mutex<pthread_mutex_t> or thread_local	auto:type-shape
plfschunkserver	plfschunkserver/src/plfschunkserver/hddspacemgr.rs	1128	statslock	pthread_mutex_t	BUF	Mutex<pthread_mutex_t> or thread_local	auto:type-shape
plfschunkserver	plfschunkserver/src/plfschunkserver/hddspacemgr.rs	1143	doplock	pthread_mutex_t	BUF	Mutex<pthread_mutex_t> or thread_local	auto:type-shape
plfschunkserver	plfschunkserver/src/plfschunkserver/hddspacemgr.rs	1158	ndoplock	pthread_mutex_t	BUF	Mutex<pthread_mutex_t> or thread_local	auto:type-shape
plfschunkserver	plfschunkserver/src/plfschunkserver/hddspacemgr.rs	1173	dclock	pthread_mutex_t	BUF	Mutex<pthread_mutex_t> or thread_local	auto:type-shape
plfschunkserver	plfschunkserver/src/plfschunkserver/hddspacemgr.rs	1188	hashlock	pthread_mutex_t	BUF	Mutex<pthread_mutex_t> or thread_local	auto:type-shape
plfschunkserver	plfschunkserver/src/plfschunkserver/hddspacemgr.rs	1203	cclist	*mut cntcond	UNKNOWN	Option<NonNull<_>> + per-site analysis	auto:type-shape
plfschunkserver	plfschunkserver/src/plfschunkserver/hddspacemgr.rs	1204	folderlock	pthread_mutex_t	BUF	Mutex<pthread_mutex_t> or thread_local	auto:type-shape
plfschunkserver	plfschunkserver/src/plfschunkserver/hddspacemgr.rs	1219	testlock	pthread_mutex_t	BUF	Mutex<pthread_mutex_t> or thread_local	auto:type-shape
plfschunkserver	plfschunkserver/src/plfschunkserver/hddspacemgr.rs	1234	highspeed_cond	pthread_cond_t	BUF	Mutex<pthread_cond_t> or thread_local	auto:type-shape
plfschunkserver	plfschunkserver/src/plfschunkserver/hddspacemgr.rs	1235	global_csd	calc_space_data	BUF	Mutex<calc_space_data> or thread_local	auto:type-shape
plfschunkserver	plfschunkserver/src/plfschunkserver/hddspacemgr.rs	1249	emptyblockcrc	uint32_t	STATIC	AtomicU32	auto:type-shape
plfschunkserver	plfschunkserver/src/plfschunkserver/hddspacemgr.rs	1250	emptychunkcrc	*mut uint8_t	UNKNOWN	Option<NonNull<_>> + per-site analysis	auto:type-shape
plfschunkserver	plfschunkserver/src/plfschunkserver/hddspacemgr.rs	1251	stats_bytesr	uint64_t	STATIC	AtomicU64	auto:type-shape
plfschunkserver	plfschunkserver/src/plfschunkserver/hddspacemgr.rs	1252	stats_bytesw	uint64_t	STATIC	AtomicU64	auto:type-shape
plfschunkserver	plfschunkserver/src/plfschunkserver/hddspacemgr.rs	1253	stats_opr	uint32_t	STATIC	AtomicU32	auto:type-shape
plfschunkserver	plfschunkserver/src/plfschunkserver/hddspacemgr.rs	1254	stats_opw	uint32_t	STATIC	AtomicU32	auto:type-shape
plfschunkserver	plfschunkserver/src/plfschunkserver/hddspacemgr.rs	1255	stats_databytesr	uint32_t	STATIC	AtomicU32	auto:type-shape
plfschunkserver	plfschunkserver/src/plfschunkserver/hddspacemgr.rs	1256	stats_databytesw	uint32_t	STATIC	AtomicU32	auto:type-shape
plfschunkserver	plfschunkserver/src/plfschunkserver/hddspacemgr.rs	1257	stats_dataopr	uint32_t	STATIC	AtomicU32	auto:type-shape
plfschunkserver	plfschunkserver/src/plfschunkserver/hddspacemgr.rs	1258	stats_dataopw	uint32_t	STATIC	AtomicU32	auto:type-shape
plfschunkserver	plfschunkserver/src/plfschunkserver/hddspacemgr.rs	1259	stats_movels	uint32_t	STATIC	AtomicU32	auto:type-shape
plfschunkserver	plfschunkserver/src/plfschunkserver/hddspacemgr.rs	1260	stats_movehs	uint32_t	STATIC	AtomicU32	auto:type-shape
plfschunkserver	plfschunkserver/src/plfschunkserver/hddspacemgr.rs	1261	stats_rtime	uint64_t	STATIC	AtomicU64	auto:type-shape
plfschunkserver	plfschunkserver/src/plfschunkserver/hddspacemgr.rs	1262	stats_wtime	uint64_t	STATIC	AtomicU64	auto:type-shape
plfschunkserver	plfschunkserver/src/plfschunkserver/hddspacemgr.rs	1263	stats_create	uint32_t	STATIC	AtomicU32	auto:type-shape
plfschunkserver	plfschunkserver/src/plfschunkserver/hddspacemgr.rs	1264	stats_delete	uint32_t	STATIC	AtomicU32	auto:type-shape
plfschunkserver	plfschunkserver/src/plfschunkserver/hddspacemgr.rs	1265	stats_test	uint32_t	STATIC	AtomicU32	auto:type-shape
plfschunkserver	plfschunkserver/src/plfschunkserver/hddspacemgr.rs	1266	stats_version	uint32_t	STATIC	AtomicU32	auto:type-shape
plfschunkserver	plfschunkserver/src/plfschunkserver/hddspacemgr.rs	1267	stats_duplicate	uint32_t	STATIC	AtomicU32	auto:type-shape
plfschunkserver	plfschunkserver/src/plfschunkserver/hddspacemgr.rs	1268	stats_truncate	uint32_t	STATIC	AtomicU32	auto:type-shape
plfschunkserver	plfschunkserver/src/plfschunkserver/hddspacemgr.rs	1269	stats_duptrunc	uint32_t	STATIC	AtomicU32	auto:type-shape
plfschunkserver	plfschunkserver/src/plfschunkserver/hddspacemgr.rs	1270	stats_split	uint32_t	STATIC	AtomicU32	auto:type-shape
plfschunkserver	plfschunkserver/src/plfschunkserver/hddspacemgr.rs	1271	oflimit	uint32_t	STATIC	AtomicU32	auto:type-shape
plfschunkserver	plfschunkserver/src/plfschunkserver/hddspacemgr.rs	13910	fpath	[::core::ffi::c_char; 3996]	BUF	Mutex<[…; N]> or thread_local	auto:type-shape
plfschunkserver	plfschunkserver/src/plfschunkserver/hddspacemgr.rs	16110	hdd_get_chunks_pos	uint32_t	STATIC	AtomicU32	auto:type-shape
plfschunkserver	plfschunkserver/src/plfschunkserver/hddspacemgr.rs	16111	hdd_get_chunks_cond	pthread_cond_t	BUF	Mutex<pthread_cond_t> or thread_local	auto:type-shape
plfschunkserver	plfschunkserver/src/plfschunkserver/hddspacemgr.rs	16112	hdd_get_chunks_waiting	uint8_t	STATIC	AtomicU8	auto:type-shape
plfschunkserver	plfschunkserver/src/plfschunkserver/hddspacemgr.rs	16113	hdd_get_chunks_partialmode	uint8_t	STATIC	AtomicU8	auto:type-shape
plfschunkserver	plfschunkserver/src/plfschunkserver/hddspacemgr.rs	18750	lastreport	::core::ffi::c_double	BUF	Mutex<::core::ffi::c_double> or thread_local	auto:type-shape
plfschunkserver	plfschunkserver/src/plfschunkserver/hddspacemgr.rs	7	stderr	*mut FILE	UNKNOWN	Option<NonNull<_>> + per-site analysis	auto:type-shape
plfschunkserver	plfschunkserver/src/plfschunkserver/hddspacemgr.rs	7568	lock	pthread_mutex_t	BUF	Mutex<pthread_mutex_t> or thread_local	auto:type-shape
plfschunkserver	plfschunkserver/src/plfschunkserver/hddspacemgr.rs	7583	cond	pthread_cond_t	BUF	Mutex<pthread_cond_t> or thread_local	auto:type-shape
plfschunkserver	plfschunkserver/src/plfschunkserver/hddspacemgr.rs	7584	count	uint32_t	STATIC	AtomicU32	auto:type-shape
plfschunkserver	plfschunkserver/src/plfschunkserver/hddspacemgr.rs	7585	limit	uint32_t	STATIC	AtomicU32	auto:type-shape
plfschunkserver	plfschunkserver/src/plfschunkserver/hddspacemgr.rs	7586	waiting	uint32_t	STATIC	AtomicU32	auto:type-shape
plfschunkserver	plfschunkserver/src/plfschunkserver/mainserv.rs	490	MaxPacketSize	uint32_t	STATIC	AtomicU32	auto:type-shape
plfschunkserver	plfschunkserver/src/plfschunkserver/mainserv.rs	491	CanUseMmap	uint8_t	STATIC	AtomicU8	auto:type-shape
plfschunkserver	plfschunkserver/src/plfschunkserver/mainserv.rs	492	stats_bytesin	uint64_t	STATIC	AtomicU64	auto:type-shape
plfschunkserver	plfschunkserver/src/plfschunkserver/mainserv.rs	493	stats_bytesout	uint64_t	STATIC	AtomicU64	auto:type-shape
plfschunkserver	plfschunkserver/src/plfschunkserver/mainserv.rs	494	stats_hlopr	uint32_t	STATIC	AtomicU32	auto:type-shape
plfschunkserver	plfschunkserver/src/plfschunkserver/mainserv.rs	495	stats_hlopw	uint32_t	STATIC	AtomicU32	auto:type-shape
plfschunkserver	plfschunkserver/src/plfschunkserver/mainserv.rs	56	stderr	*mut FILE	UNKNOWN	Option<NonNull<_>> + per-site analysis	auto:type-shape
plfschunkserver	plfschunkserver/src/plfschunkserver/mainserv.rs	779	sock_nops_tail	*mut *mut sock_nops	UNKNOWN	Option<NonNull<_>> + per-site analysis	auto:type-shape
plfschunkserver	plfschunkserver/src/plfschunkserver/mainserv.rs	780	sock_nops_head	*mut sock_nops	UNKNOWN	Option<NonNull<_>> + per-site analysis	auto:type-shape
plfschunkserver	plfschunkserver/src/plfschunkserver/mainserv.rs	781	sock_nops_lock	pthread_mutex_t	BUF	Mutex<pthread_mutex_t> or thread_local	auto:type-shape
plfschunkserver	plfschunkserver/src/plfschunkserver/mainserv.rs	796	sock_nop_buff	[uint8_t; 8]	BUF	Mutex<[…; N]> or thread_local	auto:type-shape
plfschunkserver	plfschunkserver/src/plfschunkserver/masterconn.rs	27	stderr	*mut FILE	UNKNOWN	Option<NonNull<_>> + per-site analysis	auto:type-shape
plfschunkserver	plfschunkserver/src/plfschunkserver/masterconn.rs	3226	readbuff	*mut uint8_t	UNKNOWN	Option<NonNull<_>> + per-site analysis	auto:type-shape
plfschunkserver	plfschunkserver/src/plfschunkserver/masterconn.rs	3227	readbuffsize	uint32_t	STATIC	AtomicU32	auto:type-shape
plfschunkserver	plfschunkserver/src/plfschunkserver/masterconn.rs	577	masterconnsingleton	*mut masterconn	UNKNOWN	Option<NonNull<_>> + per-site analysis	auto:type-shape
plfschunkserver	plfschunkserver/src/plfschunkserver/masterconn.rs	578	idlejobs	*mut idlejob	UNKNOWN	Option<NonNull<_>> + per-site analysis	auto:type-shape
plfschunkserver	plfschunkserver/src/plfschunkserver/masterconn.rs	579	csidvalid	uint8_t	STATIC	AtomicU8	auto:type-shape
plfschunkserver	plfschunkserver/src/plfschunkserver/masterconn.rs	580	reconnect_hook	*mut ::core::ffi::c_void =	UNKNOWN	Option<NonNull<_>> + per-site analysis	auto:type-shape
plfschunkserver	plfschunkserver/src/plfschunkserver/masterconn.rs	582	manager_time_hook	*mut ::core::ffi::c_void =	UNKNOWN	Option<NonNull<_>> + per-site analysis	auto:type-shape
plfschunkserver	plfschunkserver/src/plfschunkserver/masterconn.rs	584	wantexittime	::core::ffi::c_double	BUF	Mutex<::core::ffi::c_double> or thread_local	auto:type-shape
plfschunkserver	plfschunkserver/src/plfschunkserver/masterconn.rs	585	stats_bytesout	uint64_t	STATIC	AtomicU64	auto:type-shape
plfschunkserver	plfschunkserver/src/plfschunkserver/masterconn.rs	586	stats_bytesin	uint64_t	STATIC	AtomicU64	auto:type-shape
plfschunkserver	plfschunkserver/src/plfschunkserver/masterconn.rs	587	ChunksPerRegisterPacket	uint32_t	STATIC	AtomicU32	auto:type-shape
plfschunkserver	plfschunkserver/src/plfschunkserver/masterconn.rs	588	MasterHost	*mut ::core::ffi::c_char	UNKNOWN	Option<NonNull<_>> + per-site analysis	auto:type-shape
plfschunkserver	plfschunkserver/src/plfschunkserver/masterconn.rs	589	MasterPort	*mut ::core::ffi::c_char	UNKNOWN	Option<NonNull<_>> + per-site analysis	auto:type-shape
plfschunkserver	plfschunkserver/src/plfschunkserver/masterconn.rs	590	BindHost	*mut ::core::ffi::c_char	UNKNOWN	Option<NonNull<_>> + per-site analysis	auto:type-shape
plfschunkserver	plfschunkserver/src/plfschunkserver/masterconn.rs	591	Timeout	uint32_t	STATIC	AtomicU32	auto:type-shape
plfschunkserver	plfschunkserver/src/plfschunkserver/masterconn.rs	592	ChunkServerID	uint16_t	STATIC	AtomicU16	auto:type-shape
plfschunkserver	plfschunkserver/src/plfschunkserver/masterconn.rs	593	MetaID	uint64_t	STATIC	AtomicU64	auto:type-shape
plfschunkserver	plfschunkserver/src/plfschunkserver/masterconn.rs	594	AuthCode	*mut ::core::ffi::c_char	UNKNOWN	Option<NonNull<_>> + per-site analysis	auto:type-shape
plfschunkserver	plfschunkserver/src/plfschunkserver/masterconn.rs	595	LabelMask	uint32_t	STATIC	AtomicU32	auto:type-shape
plfschunkserver	plfschunkserver/src/plfschunkserver/masterconn.rs	596	hddmetaid	uint64_t	STATIC	AtomicU64	auto:type-shape
plfschunkserver	plfschunkserver/src/plfschunkserver/masterconn.rs	597	reconnectisneeded	::core::ffi::c_int	BUF	Mutex<::core::ffi::c_int> or thread_local	auto:type-shape
plfschunkserver	plfschunkserver/src/plfschunkserver/replicator.rs	330	errtab	[*const ::core::ffi::c_char; 65]	BUF	Mutex<[…; N]> or thread_local	auto:type-shape
plfschunkserver	plfschunkserver/src/plfschunkserver/replicator.rs	412	stats_repl	uint32_t	STATIC	AtomicU32	auto:type-shape
plfschunkserver	plfschunkserver/src/plfschunkserver/replicator.rs	413	stats_bytesin	uint64_t	STATIC	AtomicU64	auto:type-shape
plfschunkserver	plfschunkserver/src/plfschunkserver/replicator.rs	414	stats_bytesout	uint64_t	STATIC	AtomicU64	auto:type-shape
plfschunkserver	plfschunkserver/src/plfschunkserver/replicator.rs	415	statslock	pthread_mutex_t	BUF	Mutex<pthread_mutex_t> or thread_local	auto:type-shape
plfschunkserver	plfschunkserver/src/plfschunkserver/replicator.rs	69	stderr	*mut FILE	UNKNOWN	Option<NonNull<_>> + per-site analysis	auto:type-shape
plfschunkserver	plfschunkserver/src/plfscommon/cfg.rs	1077	usedvalue	[::core::ffi::c_char; 1000]	BUF	Mutex<[…; N]> or thread_local	auto:type-shape
plfschunkserver	plfschunkserver/src/plfscommon/cfg.rs	1158	usedvalue	[::core::ffi::c_char; 1000]	BUF	Mutex<[…; N]> or thread_local	auto:type-shape
plfschunkserver	plfschunkserver/src/plfscommon/cfg.rs	1189	usedvalue	[::core::ffi::c_char; 1000]	BUF	Mutex<[…; N]> or thread_local	auto:type-shape
plfschunkserver	plfschunkserver/src/plfscommon/cfg.rs	1223	usedvalue	[::core::ffi::c_char; 1000]	BUF	Mutex<[…; N]> or thread_local	auto:type-shape
plfschunkserver	plfschunkserver/src/plfscommon/cfg.rs	1257	usedvalue	[::core::ffi::c_char; 1000]	BUF	Mutex<[…; N]> or thread_local	auto:type-shape
plfschunkserver	plfschunkserver/src/plfscommon/cfg.rs	1291	usedvalue	[::core::ffi::c_char; 1000]	BUF	Mutex<[…; N]> or thread_local	auto:type-shape
plfschunkserver	plfschunkserver/src/plfscommon/cfg.rs	1325	usedvalue	[::core::ffi::c_char; 1000]	BUF	Mutex<[…; N]> or thread_local	auto:type-shape
plfschunkserver	plfschunkserver/src/plfscommon/cfg.rs	1359	usedvalue	[::core::ffi::c_char; 1000]	BUF	Mutex<[…; N]> or thread_local	auto:type-shape
plfschunkserver	plfschunkserver/src/plfscommon/cfg.rs	1393	usedvalue	[::core::ffi::c_char; 1000]	BUF	Mutex<[…; N]> or thread_local	auto:type-shape
plfschunkserver	plfschunkserver/src/plfscommon/cfg.rs	1427	usedvalue	[::core::ffi::c_char; 1000]	BUF	Mutex<[…; N]> or thread_local	auto:type-shape
plfschunkserver	plfschunkserver/src/plfscommon/cfg.rs	1461	usedvalue	[::core::ffi::c_char; 1000]	BUF	Mutex<[…; N]> or thread_local	auto:type-shape
plfschunkserver	plfschunkserver/src/plfscommon/cfg.rs	1495	usedvalue	[::core::ffi::c_char; 1000]	BUF	Mutex<[…; N]> or thread_local	auto:type-shape
plfschunkserver	plfschunkserver/src/plfscommon/cfg.rs	1589	usedvalue	[::core::ffi::c_char; 1000]	BUF	Mutex<[…; N]> or thread_local	auto:type-shape
plfschunkserver	plfschunkserver/src/plfscommon/cfg.rs	201	cfgfname	*mut ::core::ffi::c_char	UNKNOWN	Option<NonNull<_>> + per-site analysis	auto:type-shape
plfschunkserver	plfschunkserver/src/plfscommon/cfg.rs	202	paramhead	*mut paramstr	UNKNOWN	Option<NonNull<_>> + per-site analysis	auto:type-shape
plfschunkserver	plfschunkserver/src/plfscommon/cfg.rs	203	usedhead	*mut paramstr	UNKNOWN	Option<NonNull<_>> + per-site analysis	auto:type-shape
plfschunkserver	plfschunkserver/src/plfscommon/cfg.rs	204	logundefined	::core::ffi::c_int	BUF	Mutex<::core::ffi::c_int> or thread_local	auto:type-shape
plfschunkserver	plfschunkserver/src/plfscommon/cfg.rs	205	dangerous	::core::ffi::c_int	BUF	Mutex<::core::ffi::c_int> or thread_local	auto:type-shape
plfschunkserver	plfschunkserver/src/plfscommon/cfg.rs	6	stderr	*mut FILE	UNKNOWN	Option<NonNull<_>> + per-site analysis	auto:type-shape
plfschunkserver	plfschunkserver/src/plfscommon/main.rs	2525	firstflag	::core::ffi::c_int	BUF	Mutex<::core::ffi::c_int> or thread_local	auto:type-shape
plfschunkserver	plfschunkserver/src/plfscommon/main.rs	32	stdout	*mut FILE	UNKNOWN	Option<NonNull<_>> + per-site analysis	auto:type-shape
plfschunkserver	plfschunkserver/src/plfscommon/main.rs	33	stderr	*mut FILE	UNKNOWN	Option<NonNull<_>> + per-site analysis	auto:type-shape
plfschunkserver	plfschunkserver/src/plfscommon/main.rs	4103	termsignal	[::core::ffi::c_int; 2]	BUF	Mutex<[…; N]> or thread_local	auto:type-shape
plfschunkserver	plfschunkserver/src/plfscommon/main.rs	4104	reloadsignal	[::core::ffi::c_int; 2]	BUF	Mutex<[…; N]> or thread_local	auto:type-shape
plfschunkserver	plfschunkserver/src/plfscommon/main.rs	4105	infosignal	[::core::ffi::c_int; 2]	BUF	Mutex<[…; N]> or thread_local	auto:type-shape
plfschunkserver	plfschunkserver/src/plfscommon/main.rs	4106	chldsignal	[::core::ffi::c_int; 3]	BUF	Mutex<[…; N]> or thread_local	auto:type-shape
plfschunkserver	plfschunkserver/src/plfscommon/main.rs	4107	ignoresignal	[::core::ffi::c_int; 7]	BUF	Mutex<[…; N]> or thread_local	auto:type-shape
plfschunkserver	plfschunkserver/src/plfscommon/main.rs	4116	alarmsignal	[::core::ffi::c_int; 4] =	BUF	Mutex<[…; N]> or thread_local	auto:type-shape
plfschunkserver	plfschunkserver/src/plfscommon/main.rs	4118	daemonignoresignal	[::core::ffi::c_int; 2]	BUF	Mutex<[…; N]> or thread_local	auto:type-shape
plfschunkserver	plfschunkserver/src/plfscommon/main.rs	4561	lfd	::core::ffi::c_int	BUF	Mutex<::core::ffi::c_int> or thread_local	auto:type-shape
plfschunkserver	plfschunkserver/src/plfscommon/main.rs	668	id	[::core::ffi::c_char; 72]	BUF	Mutex<[…; N]> or thread_local	auto:type-shape
plfschunkserver	plfschunkserver/src/plfscommon/main.rs	683	RunTab	[C2Rust_Unnamed_11; 8]	BUF	Mutex<[…; N]> or thread_local	auto:type-shape
plfschunkserver	plfschunkserver/src/plfscommon/main.rs	723	LateRunTab	[C2Rust_Unnamed_11; 2]	BUF	Mutex<[…; N]> or thread_local	auto:type-shape
plfschunkserver	plfschunkserver/src/plfscommon/main.rs	735	RestoreRunTab	[C2Rust_Unnamed_11; 2]	BUF	Mutex<[…; N]> or thread_local	auto:type-shape
plfschunkserver	plfschunkserver/src/plfscommon/main.rs	776	lcall_start	::core::ffi::c_double	BUF	Mutex<::core::ffi::c_double> or thread_local	auto:type-shape
plfschunkserver	plfschunkserver/src/plfscommon/main.rs	777	lcall_end	::core::ffi::c_double	BUF	Mutex<::core::ffi::c_double> or thread_local	auto:type-shape
plfschunkserver	plfschunkserver/src/plfscommon/main.rs	778	lcall_trigger	::core::ffi::c_double	BUF	Mutex<::core::ffi::c_double> or thread_local	auto:type-shape
plfschunkserver	plfschunkserver/src/plfscommon/main.rs	779	loop_usleep	::core::ffi::c_double	BUF	Mutex<::core::ffi::c_double> or thread_local	auto:type-shape
plfschunkserver	plfschunkserver/src/plfscommon/main.rs	789	dehead	*mut deentry	UNKNOWN	Option<NonNull<_>> + per-site analysis	auto:type-shape
plfschunkserver	plfschunkserver/src/plfscommon/main.rs	790	mehead	*mut meentry	UNKNOWN	Option<NonNull<_>> + per-site analysis	auto:type-shape
plfschunkserver	plfschunkserver/src/plfscommon/main.rs	791	wehead	*mut weentry	UNKNOWN	Option<NonNull<_>> + per-site analysis	auto:type-shape
plfschunkserver	plfschunkserver/src/plfscommon/main.rs	792	cehead	*mut ceentry	UNKNOWN	Option<NonNull<_>> + per-site analysis	auto:type-shape
plfschunkserver	plfschunkserver/src/plfscommon/main.rs	793	rlhead	*mut rlentry	UNKNOWN	Option<NonNull<_>> + per-site analysis	auto:type-shape
plfschunkserver	plfschunkserver/src/plfscommon/main.rs	794	inhead	*mut inentry	UNKNOWN	Option<NonNull<_>> + per-site analysis	auto:type-shape
plfschunkserver	plfschunkserver/src/plfscommon/main.rs	795	kahead	*mut kaentry	UNKNOWN	Option<NonNull<_>> + per-site analysis	auto:type-shape
plfschunkserver	plfschunkserver/src/plfscommon/main.rs	796	pollhead	*mut pollentry	UNKNOWN	Option<NonNull<_>> + per-site analysis	auto:type-shape
plfschunkserver	plfschunkserver/src/plfscommon/main.rs	797	eloophead	*mut eloopentry	UNKNOWN	Option<NonNull<_>> + per-site analysis	auto:type-shape
plfschunkserver	plfschunkserver/src/plfscommon/main.rs	798	chldhead	*mut chldentry	UNKNOWN	Option<NonNull<_>> + per-site analysis	auto:type-shape
plfschunkserver	plfschunkserver/src/plfscommon/main.rs	799	timehead	*mut timeentry	UNKNOWN	Option<NonNull<_>> + per-site analysis	auto:type-shape
plfschunkserver	plfschunkserver/src/plfscommon/main.rs	800	nowlock	pthread_mutex_t	BUF	Mutex<pthread_mutex_t> or thread_local	auto:type-shape
plfschunkserver	plfschunkserver/src/plfscommon/main.rs	815	now	uint32_t	STATIC	AtomicU32	auto:type-shape
plfschunkserver	plfschunkserver/src/plfscommon/main.rs	816	start_time	uint32_t	STATIC	AtomicU32	auto:type-shape
plfschunkserver	plfschunkserver/src/plfscommon/main.rs	817	usecnow	uint64_t	STATIC	AtomicU64	auto:type-shape
plfschunkserver	plfschunkserver/src/plfscommon/main.rs	818	loop_start	::core::ffi::c_double	BUF	Mutex<::core::ffi::c_double> or thread_local	auto:type-shape
plfschunkserver	plfschunkserver/src/plfscommon/main.rs	819	signalpipe	[::core::ffi::c_int; 2]	BUF	Mutex<[…; N]> or thread_local	auto:type-shape
plfschunkserver	plfschunkserver/src/plfscommon/main.rs	96	optarg	*mut ::core::ffi::c_char	UNKNOWN	Option<NonNull<_>> + per-site analysis	auto:type-shape
plfschunkserver	plfschunkserver/src/plfscommon/main.rs	97	optind	::core::ffi::c_int	BUF	Mutex<::core::ffi::c_int> or thread_local	auto:type-shape
plfschunkserver	plfschunkserver/src/plfscommon/pcqueue.rs	28	stderr	*mut FILE	UNKNOWN	Option<NonNull<_>> + per-site analysis	auto:type-shape
plfschunkserver	plfschunkserver/src/plfscommon/random.rs	52	i	uint8_t	STATIC	AtomicU8	auto:type-shape
plfschunkserver	plfschunkserver/src/plfscommon/random.rs	53	j	uint8_t	STATIC	AtomicU8	auto:type-shape
plfschunkserver	plfschunkserver/src/plfscommon/random.rs	54	p	[uint8_t; 256]	BUF	Mutex<[…; N]> or thread_local	auto:type-shape
plfschunkserver	plfschunkserver/src/plfscommon/random.rs	55	lock	pthread_mutex_t	BUF	Mutex<pthread_mutex_t> or thread_local	auto:type-shape
plfschunkserver	plfschunkserver/src/plfscommon/strerr.rs	15	stderr	*mut FILE	UNKNOWN	Option<NonNull<_>> + per-site analysis	auto:type-shape
plfschunkserver	plfschunkserver/src/plfscommon/strerr.rs	218	errtab	[errent; 132]	BUF	Mutex<[…; N]> or thread_local	auto:type-shape
plfschunkserver	plfschunkserver/src/plfscommon/strerr.rs	769	errhash	*mut errent	UNKNOWN	Option<NonNull<_>> + per-site analysis	auto:type-shape
plfschunkserver	plfschunkserver/src/plfscommon/strerr.rs	770	errhsize	uint32_t	STATIC	AtomicU32	auto:type-shape
plfschunkserver	plfschunkserver/src/plfscommon/strerr.rs	772	strerrstorage	*mut ::core::ffi::c_void	UNKNOWN	Option<NonNull<_>> + per-site analysis	auto:type-shape
plfsclient	plfsclient/src/csorder.rs	110	stack	[uint8_t; 128]	BUF	Mutex<[…; N]> or thread_local	auto:type-shape
plfsclient	plfsclient/src/csorder.rs	84	pd	parser_data	BUF	Mutex<parser_data> or thread_local	auto:type-shape
plfsclient	plfsclient/src/heapsorter.rs	10	HEAP	Vec<u32>	BUF	Mutex<Vec<u32>> or thread_local	auto:type-shape
plfsclient	plfsclient/src/heapsorter.rs	11	HEAPELEMENTS	u32	STATIC	AtomicU32	auto:type-shape
plfsclient	plfsclient/src/mastercomm.rs	1639	notsup	uint8_t	STATIC	AtomicU8	auto:type-shape
plfsclient	plfsclient/src/mastercomm.rs	2132	trycnt	uint32_t	STATIC	AtomicU32	auto:type-shape
plfsclient	plfsclient/src/mastercomm.rs	557	threchash	[Vec<*mut threc>; 256]	BUF	Mutex<[…; N]> or thread_local	auto:type-shape
plfsclient	plfsclient/src/mastercomm.rs	558	threcfree	Vec<*mut threc>	BUF	Mutex<Vec<*mut threc>> or thread_local	auto:type-shape
plfsclient	plfsclient/src/mastercomm.rs	559	threcnextid	uint16_t	STATIC	AtomicU16	auto:type-shape
plfsclient	plfsclient/src/mastercomm.rs	569	amtime_hash	[Vec<Box<amtime_file>>; 4096]	BUF	Mutex<[…; N]> or thread_local	auto:type-shape
plfsclient	plfsclient/src/mastercomm.rs	580	af_hash	[Vec<Box<acquired_file>>; 4096]	BUF	Mutex<[…; N]> or thread_local	auto:type-shape
plfsclient	plfsclient/src/mastercomm.rs	581	af_lru	std::collections::VecDeque<*mut acquired_file> =	BUF	Mutex<std::collections::VecDeque<*mut acquired_file> => or thread_local	auto:type-shape
plfsclient	plfsclient/src/mastercomm.rs	583	af_lru_cnt	uint32_t	STATIC	AtomicU32	auto:type-shape
plfsclient	plfsclient/src/mastercomm.rs	584	timediffusec	int64_t	STATIC	AtomicI64	auto:type-shape
plfsclient	plfsclient/src/mastercomm.rs	587	sock_timeout	::core::ffi::c_int	BUF	Mutex<::core::ffi::c_int> or thread_local	auto:type-shape
plfsclient	plfsclient/src/mastercomm.rs	588	recv_timeout	::core::ffi::c_int	BUF	Mutex<::core::ffi::c_int> or thread_local	auto:type-shape
plfsclient	plfsclient/src/mastercomm.rs	589	send_timeout	::core::ffi::c_int	BUF	Mutex<::core::ffi::c_int> or thread_local	auto:type-shape
plfsclient	plfsclient/src/mastercomm.rs	590	fd	::core::ffi::c_int	BUF	Mutex<::core::ffi::c_int> or thread_local	auto:type-shape
plfsclient	plfsclient/src/mastercomm.rs	591	disconnect	::core::ffi::c_int	BUF	Mutex<::core::ffi::c_int> or thread_local	auto:type-shape
plfsclient	plfsclient/src/mastercomm.rs	592	donotsendsustainedinodes	::core::ffi::c_int	BUF	Mutex<::core::ffi::c_int> or thread_local	auto:type-shape
plfsclient	plfsclient/src/mastercomm.rs	593	lastwrite	::core::ffi::c_double	BUF	Mutex<::core::ffi::c_double> or thread_local	auto:type-shape
plfsclient	plfsclient/src/mastercomm.rs	594	sessionlost	::core::ffi::c_int	BUF	Mutex<::core::ffi::c_int> or thread_local	auto:type-shape
plfsclient	plfsclient/src/mastercomm.rs	595	lastsyncsend	uint64_t	STATIC	AtomicU64	auto:type-shape
plfsclient	plfsclient/src/mastercomm.rs	596	usectimeout	uint64_t	STATIC	AtomicU64	auto:type-shape
plfsclient	plfsclient/src/mastercomm.rs	597	maxretries	uint32_t	STATIC	AtomicU32	auto:type-shape
plfsclient	plfsclient/src/mastercomm.rs	6	stderr	*mut FILE	UNKNOWN	Option<NonNull<_>> + per-site analysis	auto:type-shape
plfsclient	plfsclient/src/mastercomm.rs	600	rcnt	uint32_t	STATIC	AtomicU32	auto:type-shape
plfsclient	plfsclient/src/mastercomm.rs	601	wcnt	uint32_t	STATIC	AtomicU32	auto:type-shape
plfsclient	plfsclient/src/mastercomm.rs	602	fcnt	uint32_t	STATIC	AtomicU32	auto:type-shape
plfsclient	plfsclient/src/mastercomm.rs	603	rbyt	uint64_t	STATIC	AtomicU64	auto:type-shape
plfsclient	plfsclient/src/mastercomm.rs	604	wbyt	uint64_t	STATIC	AtomicU64	auto:type-shape
plfsclient	plfsclient/src/mastercomm.rs	778	mainrec	*mut threc	UNKNOWN	Option<NonNull<_>> + per-site analysis	auto:type-shape
plfsclient	plfsclient/src/mastercomm.rs	779	sessionid	uint32_t	STATIC	AtomicU32	auto:type-shape
plfsclient	plfsclient/src/mastercomm.rs	780	metaid	uint64_t	STATIC	AtomicU64	auto:type-shape
plfsclient	plfsclient/src/mastercomm.rs	781	masterversion	uint32_t	STATIC	AtomicU32	auto:type-shape
plfsclient	plfsclient/src/mastercomm.rs	782	masterprocessid	uint64_t	STATIC	AtomicU64	auto:type-shape
plfsclient	plfsclient/src/mastercomm.rs	783	attrsize	uint8_t	STATIC	AtomicU8	auto:type-shape
plfsclient	plfsclient/src/mastercomm.rs	784	masterstrip	[::core::ffi::c_char; 16]	BUF	Mutex<[…; N]> or thread_local	auto:type-shape
plfsclient	plfsclient/src/mastercomm.rs	785	masterip	uint32_t	STATIC	AtomicU32	auto:type-shape
plfsclient	plfsclient/src/mastercomm.rs	786	masterport	uint16_t	STATIC	AtomicU16	auto:type-shape
plfsclient	plfsclient/src/mastercomm.rs	787	srcstrip	[::core::ffi::c_char; 16]	BUF	Mutex<[…; N]> or thread_local	auto:type-shape
plfsclient	plfsclient/src/mastercomm.rs	788	srcip	uint32_t	STATIC	AtomicU32	auto:type-shape
plfsclient	plfsclient/src/mastercomm.rs	789	fterm	uint8_t	STATIC	AtomicU8	auto:type-shape
plfsclient	plfsclient/src/mastercomm.rs	790	working_flags	uint8_t	STATIC	AtomicU8	auto:type-shape
plfsclient	plfsclient/src/mastercomm.rs	889	connect_args	connect_args_t	BUF	Mutex<connect_args_t> or thread_local	auto:type-shape
plfsclient	plfsclient/src/mastercomm.rs	937	errtab	[*const ::core::ffi::c_char; 65]	BUF	Mutex<[…; N]> or thread_local	auto:type-shape
plfsclient	plfsclient/src/readdata.rs	449	errtab	[*const ::core::ffi::c_char; 65]	BUF	Mutex<[…; N]> or thread_local	auto:type-shape
plfsclient	plfsclient/src/readdata.rs	4707	total_bytes_rcvd	uint64_t	STATIC	AtomicU64	auto:type-shape
plfsclient	plfsclient/src/readdata.rs	613	readahead_leng	uint32_t	STATIC	AtomicU32	auto:type-shape
plfsclient	plfsclient/src/readdata.rs	614	readahead_trigger	uint32_t	STATIC	AtomicU32	auto:type-shape
plfsclient	plfsclient/src/readdata.rs	615	usectimeout	uint64_t	STATIC	AtomicU64	auto:type-shape
plfsclient	plfsclient/src/readdata.rs	616	maxretries	uint32_t	STATIC	AtomicU32	auto:type-shape
plfsclient	plfsclient/src/readdata.rs	617	minlogretry	uint32_t	STATIC	AtomicU32	auto:type-shape
plfsclient	plfsclient/src/readdata.rs	618	maxreadaheadsize	uint64_t	STATIC	AtomicU64	auto:type-shape
plfsclient	plfsclient/src/readdata.rs	619	erroronlostchunk	uint8_t	STATIC	AtomicU8	auto:type-shape
plfsclient	plfsclient/src/readdata.rs	620	erroronnospace	uint8_t	STATIC	AtomicU8	auto:type-shape
plfsclient	plfsclient/src/readdata.rs	621	reqbufftotalsize	uint64_t	STATIC	AtomicU64	auto:type-shape
plfsclient	plfsclient/src/readdata.rs	626	indhash	[Vec<*mut inodedata>; IDHASHSIZE as usize] =	BUF	Mutex<[…; N]> or thread_local	auto:type-shape
plfsclient	plfsclient/src/readdata.rs	7	stderr	*mut FILE	UNKNOWN	Option<NonNull<_>> + per-site analysis	auto:type-shape
plfsclient	plfsclient/src/writedata.rs	29	stderr	*mut FILE	UNKNOWN	Option<NonNull<_>> + per-site analysis	auto:type-shape
plfsclient	plfsclient/src/writedata.rs	3227	total_bytes_sent	uint64_t	STATIC	AtomicU64	auto:type-shape
plfsclient	plfsclient/src/writedata.rs	411	errtab	[*const ::core::ffi::c_char; 65]	BUF	Mutex<[…; N]> or thread_local	auto:type-shape
plfsclient	plfsclient/src/writedata.rs	556	fcbwaiting	uint16_t	STATIC	AtomicU16	auto:type-shape
plfsclient	plfsclient/src/writedata.rs	560	CACHEBLOCKS_ARENA	Option<Box<[cblock]>>	BUF	Mutex<Option<Box<[cblock]>>> or thread_local	auto:type-shape
plfsclient	plfsclient/src/writedata.rs	565	FREECBLOCKS	Vec<*mut cblock>	BUF	Mutex<Vec<*mut cblock>> or thread_local	auto:type-shape
plfsclient	plfsclient/src/writedata.rs	566	freecacheblocks	uint32_t	STATIC	AtomicU32	auto:type-shape
plfsclient	plfsclient/src/writedata.rs	567	cacheblockcount	uint32_t	STATIC	AtomicU32	auto:type-shape
plfsclient	plfsclient/src/writedata.rs	568	optimeout	::core::ffi::c_double	BUF	Mutex<::core::ffi::c_double> or thread_local	auto:type-shape
plfsclient	plfsclient/src/writedata.rs	569	maxretries	uint32_t	STATIC	AtomicU32	auto:type-shape
plfsclient	plfsclient/src/writedata.rs	570	minlogretry	uint32_t	STATIC	AtomicU32	auto:type-shape
plfsclient	plfsclient/src/writedata.rs	571	erroronlostchunk	uint8_t	STATIC	AtomicU8	auto:type-shape
plfsclient	plfsclient/src/writedata.rs	572	erroronnospace	uint8_t	STATIC	AtomicU8	auto:type-shape
plfsclient	plfsclient/src/writedata.rs	577	idhash	[Vec<*mut inodedata>; IDHASHSIZE as usize] =	BUF	Mutex<[…; N]> or thread_local	auto:type-shape
plfscommon	plfscommon/src/charts.rs	1259	png_tailer	[uint8_t; 16]	BUF	Mutex<[…; N]> or thread_local	auto:type-shape
plfscommon	plfscommon/src/charts.rs	1277	png_1x1	[uint8_t; 68]	BUF	Mutex<[…; N]> or thread_local	auto:type-shape
plfscommon	plfscommon/src/charts.rs	1347	font	[[uint8_t; 9]; 25]	BUF	Mutex<[…; N]> or thread_local	auto:type-shape
plfscommon	plfscommon/src/charts.rs	21	stderr	*mut FILE	UNKNOWN	Option<NonNull<_>> + per-site analysis	auto:type-shape
plfscommon	plfscommon/src/charts.rs	337	calcdefs	*mut uint32_t	UNKNOWN	Option<NonNull<_>> + per-site analysis	auto:type-shape
plfscommon	plfscommon/src/charts.rs	338	calcstartpos	*mut *mut uint32_t	UNKNOWN	Option<NonNull<_>> + per-site analysis	auto:type-shape
plfscommon	plfscommon/src/charts.rs	339	calcdefscount	uint32_t	STATIC	AtomicU32	auto:type-shape
plfscommon	plfscommon/src/charts.rs	340	statdefs	*mut statdef	UNKNOWN	Option<NonNull<_>> + per-site analysis	auto:type-shape
plfscommon	plfscommon/src/charts.rs	341	statdefscount	uint32_t	STATIC	AtomicU32	auto:type-shape
plfscommon	plfscommon/src/charts.rs	342	estatdefs	*mut estatdef	UNKNOWN	Option<NonNull<_>> + per-site analysis	auto:type-shape
plfscommon	plfscommon/src/charts.rs	343	estatdefscount	uint32_t	STATIC	AtomicU32	auto:type-shape
plfscommon	plfscommon/src/charts.rs	344	statsfilename	*mut ::core::ffi::c_char	UNKNOWN	Option<NonNull<_>> + per-site analysis	auto:type-shape
plfscommon	plfscommon/src/charts.rs	345	series	*mut stat_record	UNKNOWN	Option<NonNull<_>> + per-site analysis	auto:type-shape
plfscommon	plfscommon/src/charts.rs	346	pointers	[uint32_t; 4]	BUF	Mutex<[…; N]> or thread_local	auto:type-shape
plfscommon	plfscommon/src/charts.rs	347	timepoint	[uint32_t; 4]	BUF	Mutex<[…; N]> or thread_local	auto:type-shape
plfscommon	plfscommon/src/charts.rs	348	monotonic	*mut uint64_t	UNKNOWN	Option<NonNull<_>> + per-site analysis	auto:type-shape
plfscommon	plfscommon/src/charts.rs	349	shhour	uint32_t	STATIC	AtomicU32	auto:type-shape
plfscommon	plfscommon/src/charts.rs	350	shmin	uint32_t	STATIC	AtomicU32	auto:type-shape
plfscommon	plfscommon/src/charts.rs	351	medhour	uint32_t	STATIC	AtomicU32	auto:type-shape
plfscommon	plfscommon/src/charts.rs	352	medmin	uint32_t	STATIC	AtomicU32	auto:type-shape
plfscommon	plfscommon/src/charts.rs	353	lngyear	uint32_t	STATIC	AtomicU32	auto:type-shape
plfscommon	plfscommon/src/charts.rs	354	lngmday	uint32_t	STATIC	AtomicU32	auto:type-shape
plfscommon	plfscommon/src/charts.rs	355	lnghalfhour	uint32_t	STATIC	AtomicU32	auto:type-shape
plfscommon	plfscommon/src/charts.rs	356	lngmonth	uint32_t	STATIC	AtomicU32	auto:type-shape
plfscommon	plfscommon/src/charts.rs	357	vlngmday	uint32_t	STATIC	AtomicU32	auto:type-shape
plfscommon	plfscommon/src/charts.rs	358	vlngyear	uint32_t	STATIC	AtomicU32	auto:type-shape
plfscommon	plfscommon/src/charts.rs	359	vlngmonth	uint32_t	STATIC	AtomicU32	auto:type-shape
plfscommon	plfscommon/src/charts.rs	360	chart	*mut uint8_t	UNKNOWN	Option<NonNull<_>> + per-site analysis	auto:type-shape
plfscommon	plfscommon/src/charts.rs	361	rawchart	*mut uint8_t	UNKNOWN	Option<NonNull<_>> + per-site analysis	auto:type-shape
plfscommon	plfscommon/src/charts.rs	362	compbuff	*mut uint8_t	UNKNOWN	Option<NonNull<_>> + per-site analysis	auto:type-shape
plfscommon	plfscommon/src/charts.rs	363	rawchartsize	uint32_t	STATIC	AtomicU32	auto:type-shape
plfscommon	plfscommon/src/charts.rs	364	compbuffsize	uint32_t	STATIC	AtomicU32	auto:type-shape
plfscommon	plfscommon/src/charts.rs	365	compsize	uint32_t	STATIC	AtomicU32	auto:type-shape
plfscommon	plfscommon/src/charts.rs	366	zstr	z_stream	BUF	Mutex<z_stream> or thread_local	auto:type-shape
plfscommon	plfscommon/src/charts.rs	3729	jtab	[uint8_t; 11]	BUF	Mutex<[…; N]> or thread_local	auto:type-shape
plfscommon	plfscommon/src/charts.rs	390	data_colors	[uint8_t; 18]	BUF	Mutex<[…; N]> or thread_local	auto:type-shape
plfscommon	plfscommon/src/charts.rs	410	png_header	[uint8_t; 847]	BUF	Mutex<[…; N]> or thread_local	auto:type-shape
plfscommon	plfscommon/src/mfslog.rs	41	stderr	*mut FILE	UNKNOWN	Option<NonNull<_>> + per-site analysis	auto:type-shape
plfscommon	plfscommon/src/daemon_main.rs	39	stdout	*mut FILE	FFI	libc-owned process global; boundary only	verified:source-review
plfscommon	plfscommon/src/daemon_main.rs	40	stderr	*mut FILE	FFI	libc-owned process global; boundary only	verified:source-review
plfscommon	plfscommon/src/daemon_main.rs	41	optarg	*mut c_char	FFI	libc-owned getopt global; boundary only	verified:source-review
plfscommon	plfscommon/src/daemon_main.rs	42	optind	c_int	STATIC	AtomicI32	auto:type-shape
plfscommon	plfscommon/src/strerr.rs	189	errtab	[errent; 132]	BUF	Mutex<[…; N]> or thread_local	auto:type-shape
plfscommon	plfscommon/src/processname.rs	2	environ	*mut *mut ::core::ffi::c_char	UNKNOWN	Option<NonNull<_>> + per-site analysis	auto:type-shape
plfscommon	plfscommon/src/processname.rs	26	argv_start	*mut ::core::ffi::c_char	UNKNOWN	Option<NonNull<_>> + per-site analysis	auto:type-shape
plfscommon	plfscommon/src/processname.rs	27	argv_leng	uint32_t	STATIC	AtomicU32	auto:type-shape
plfscommon	plfscommon/src/processname.rs	28	myenvcpy	*mut *mut ::core::ffi::c_char =	UNKNOWN	Option<NonNull<_>> + per-site analysis	auto:type-shape
plfscommon	plfscommon/src/processname.rs	42	environ_0	*mut *mut ::core::ffi::c_char	UNKNOWN	Option<NonNull<_>> + per-site analysis	auto:type-shape
plfsgui	plfsgui/src/plfscommon/main.rs	32	id	[c_char; 72] =	BUF	Mutex<[…; N]> or thread_local	auto:type-shape
plfsgui	plfsgui/src/plfscommon/main.rs	36	RunTab	[InitEntry; 2]	BUF	Mutex<[…; N]> or thread_local	auto:type-shape
plfsgui	plfsgui/src/plfscommon/main.rs	50	LateRunTab	[InitEntry; 1]	BUF	Mutex<[…; N]> or thread_local	auto:type-shape
plfsgui	plfsgui/src/plfscommon/main.rs	56	RestoreRunTab	[InitEntry; 1]	BUF	Mutex<[…; N]> or thread_local	auto:type-shape
plfsmaster	plfsmaster/src/plfscommon/cfg.rs	1077	usedvalue	[::core::ffi::c_char; 1000]	BUF	Mutex<[…; N]> or thread_local	auto:type-shape
plfsmaster	plfsmaster/src/plfscommon/cfg.rs	1158	usedvalue	[::core::ffi::c_char; 1000]	BUF	Mutex<[…; N]> or thread_local	auto:type-shape
plfsmaster	plfsmaster/src/plfscommon/cfg.rs	1189	usedvalue	[::core::ffi::c_char; 1000]	BUF	Mutex<[…; N]> or thread_local	auto:type-shape
plfsmaster	plfsmaster/src/plfscommon/cfg.rs	1223	usedvalue	[::core::ffi::c_char; 1000]	BUF	Mutex<[…; N]> or thread_local	auto:type-shape
plfsmaster	plfsmaster/src/plfscommon/cfg.rs	1257	usedvalue	[::core::ffi::c_char; 1000]	BUF	Mutex<[…; N]> or thread_local	auto:type-shape
plfsmaster	plfsmaster/src/plfscommon/cfg.rs	1291	usedvalue	[::core::ffi::c_char; 1000]	BUF	Mutex<[…; N]> or thread_local	auto:type-shape
plfsmaster	plfsmaster/src/plfscommon/cfg.rs	1325	usedvalue	[::core::ffi::c_char; 1000]	BUF	Mutex<[…; N]> or thread_local	auto:type-shape
plfsmaster	plfsmaster/src/plfscommon/cfg.rs	1359	usedvalue	[::core::ffi::c_char; 1000]	BUF	Mutex<[…; N]> or thread_local	auto:type-shape
plfsmaster	plfsmaster/src/plfscommon/cfg.rs	1393	usedvalue	[::core::ffi::c_char; 1000]	BUF	Mutex<[…; N]> or thread_local	auto:type-shape
plfsmaster	plfsmaster/src/plfscommon/cfg.rs	1427	usedvalue	[::core::ffi::c_char; 1000]	BUF	Mutex<[…; N]> or thread_local	auto:type-shape
plfsmaster	plfsmaster/src/plfscommon/cfg.rs	1461	usedvalue	[::core::ffi::c_char; 1000]	BUF	Mutex<[…; N]> or thread_local	auto:type-shape
plfsmaster	plfsmaster/src/plfscommon/cfg.rs	1495	usedvalue	[::core::ffi::c_char; 1000]	BUF	Mutex<[…; N]> or thread_local	auto:type-shape
plfsmaster	plfsmaster/src/plfscommon/cfg.rs	1589	usedvalue	[::core::ffi::c_char; 1000]	BUF	Mutex<[…; N]> or thread_local	auto:type-shape
plfsmaster	plfsmaster/src/plfscommon/cfg.rs	201	cfgfname	*mut ::core::ffi::c_char	UNKNOWN	Option<NonNull<_>> + per-site analysis	auto:type-shape
plfsmaster	plfsmaster/src/plfscommon/cfg.rs	202	paramhead	*mut paramstr	UNKNOWN	Option<NonNull<_>> + per-site analysis	auto:type-shape
plfsmaster	plfsmaster/src/plfscommon/cfg.rs	203	usedhead	*mut paramstr	UNKNOWN	Option<NonNull<_>> + per-site analysis	auto:type-shape
plfsmaster	plfsmaster/src/plfscommon/cfg.rs	204	logundefined	::core::ffi::c_int	BUF	Mutex<::core::ffi::c_int> or thread_local	auto:type-shape
plfsmaster	plfsmaster/src/plfscommon/cfg.rs	205	dangerous	::core::ffi::c_int	BUF	Mutex<::core::ffi::c_int> or thread_local	auto:type-shape
plfsmaster	plfsmaster/src/plfscommon/cfg.rs	6	stderr	*mut FILE	UNKNOWN	Option<NonNull<_>> + per-site analysis	auto:type-shape
plfsmaster	plfsmaster/src/plfscommon/cuckoohash.rs	6	stderr	*mut FILE	UNKNOWN	Option<NonNull<_>> + per-site analysis	auto:type-shape
plfsmaster	plfsmaster/src/plfscommon/dictionary.rs	180	dicthashtab	[*mut *mut dictentry; 2048] =	BUF	Mutex<[…; N]> or thread_local	auto:type-shape
plfsmaster	plfsmaster/src/plfscommon/dictionary.rs	182	dictrehashpos	uint32_t	STATIC	AtomicU32	auto:type-shape
plfsmaster	plfsmaster/src/plfscommon/dictionary.rs	183	dicthashsize	uint32_t	STATIC	AtomicU32	auto:type-shape
plfsmaster	plfsmaster/src/plfscommon/dictionary.rs	184	dicthashelem	uint32_t	STATIC	AtomicU32	auto:type-shape
plfsmaster	plfsmaster/src/plfscommon/dictionary.rs	33	stderr	*mut FILE	UNKNOWN	Option<NonNull<_>> + per-site analysis	auto:type-shape
plfsmaster	plfsmaster/src/plfscommon/globengine.rs	140	globtab	[globcache; 16]	BUF	Mutex<[…; N]> or thread_local	auto:type-shape
plfsmaster	plfsmaster/src/plfscommon/globengine.rs	25	stderr	*mut FILE	UNKNOWN	Option<NonNull<_>> + per-site analysis	auto:type-shape
plfsmaster	plfsmaster/src/plfscommon/main.rs	1756	firstflag	::core::ffi::c_int	BUF	Mutex<::core::ffi::c_int> or thread_local	auto:type-shape
plfsmaster	plfsmaster/src/plfscommon/main.rs	2386	termsignal	[::core::ffi::c_int; 2]	BUF	Mutex<[…; N]> or thread_local	auto:type-shape
plfsmaster	plfsmaster/src/plfscommon/main.rs	2387	reloadsignal	[::core::ffi::c_int; 2]	BUF	Mutex<[…; N]> or thread_local	auto:type-shape
plfsmaster	plfsmaster/src/plfscommon/main.rs	2388	infosignal	[::core::ffi::c_int; 2]	BUF	Mutex<[…; N]> or thread_local	auto:type-shape
plfsmaster	plfsmaster/src/plfscommon/main.rs	2389	chldsignal	[::core::ffi::c_int; 3]	BUF	Mutex<[…; N]> or thread_local	auto:type-shape
plfsmaster	plfsmaster/src/plfscommon/main.rs	2390	ignoresignal	[::core::ffi::c_int; 7]	BUF	Mutex<[…; N]> or thread_local	auto:type-shape
plfsmaster	plfsmaster/src/plfscommon/main.rs	2399	alarmsignal	[::core::ffi::c_int; 4] =	BUF	Mutex<[…; N]> or thread_local	auto:type-shape
plfsmaster	plfsmaster/src/plfscommon/main.rs	2401	daemonignoresignal	[::core::ffi::c_int; 2]	BUF	Mutex<[…; N]> or thread_local	auto:type-shape
plfsmaster	plfsmaster/src/plfscommon/main.rs	2844	lfd	::core::ffi::c_int	BUF	Mutex<::core::ffi::c_int> or thread_local	auto:type-shape
plfsmaster	plfsmaster/src/plfscommon/main.rs	32	stdout	*mut FILE	UNKNOWN	Option<NonNull<_>> + per-site analysis	auto:type-shape
plfsmaster	plfsmaster/src/plfscommon/main.rs	33	stderr	*mut FILE	UNKNOWN	Option<NonNull<_>> + per-site analysis	auto:type-shape
plfsmaster	plfsmaster/src/plfscommon/main.rs	632	id	[::core::ffi::c_char; 72]	BUF	Mutex<[…; N]> or thread_local	auto:type-shape
plfsmaster	plfsmaster/src/plfscommon/main.rs	647	RestoreRunTab	[C2Rust_Unnamed_10; 3]	BUF	Mutex<[…; N]> or thread_local	auto:type-shape
plfsmaster	plfsmaster/src/plfscommon/main.rs	664	RunTab	[C2Rust_Unnamed_10; 15]	BUF	Mutex<[…; N]> or thread_local	auto:type-shape
plfsmaster	plfsmaster/src/plfscommon/main.rs	736	LateRunTab	[C2Rust_Unnamed_10; 1]	BUF	Mutex<[…; N]> or thread_local	auto:type-shape
plfsmaster	plfsmaster/src/plfscommon/main.rs	770	lcall_end	::core::ffi::c_double	BUF	Mutex<::core::ffi::c_double> or thread_local	auto:type-shape
plfsmaster	plfsmaster/src/plfscommon/main.rs	771	lcall_start	::core::ffi::c_double	BUF	Mutex<::core::ffi::c_double> or thread_local	auto:type-shape
plfsmaster	plfsmaster/src/plfscommon/main.rs	772	lcall_trigger	::core::ffi::c_double	BUF	Mutex<::core::ffi::c_double> or thread_local	auto:type-shape
plfsmaster	plfsmaster/src/plfscommon/main.rs	773	loop_usleep	::core::ffi::c_double	BUF	Mutex<::core::ffi::c_double> or thread_local	auto:type-shape
plfsmaster	plfsmaster/src/plfscommon/main.rs	783	dehead	*mut deentry	UNKNOWN	Option<NonNull<_>> + per-site analysis	auto:type-shape
plfsmaster	plfsmaster/src/plfscommon/main.rs	784	mehead	*mut meentry	UNKNOWN	Option<NonNull<_>> + per-site analysis	auto:type-shape
plfsmaster	plfsmaster/src/plfscommon/main.rs	785	wehead	*mut weentry	UNKNOWN	Option<NonNull<_>> + per-site analysis	auto:type-shape
plfsmaster	plfsmaster/src/plfscommon/main.rs	786	cehead	*mut ceentry	UNKNOWN	Option<NonNull<_>> + per-site analysis	auto:type-shape
plfsmaster	plfsmaster/src/plfscommon/main.rs	787	rlhead	*mut rlentry	UNKNOWN	Option<NonNull<_>> + per-site analysis	auto:type-shape
plfsmaster	plfsmaster/src/plfscommon/main.rs	788	inhead	*mut inentry	UNKNOWN	Option<NonNull<_>> + per-site analysis	auto:type-shape
plfsmaster	plfsmaster/src/plfscommon/main.rs	789	kahead	*mut kaentry	UNKNOWN	Option<NonNull<_>> + per-site analysis	auto:type-shape
plfsmaster	plfsmaster/src/plfscommon/main.rs	790	pollhead	*mut pollentry	UNKNOWN	Option<NonNull<_>> + per-site analysis	auto:type-shape
plfsmaster	plfsmaster/src/plfscommon/main.rs	791	eloophead	*mut eloopentry	UNKNOWN	Option<NonNull<_>> + per-site analysis	auto:type-shape
plfsmaster	plfsmaster/src/plfscommon/main.rs	792	chldhead	*mut chldentry	UNKNOWN	Option<NonNull<_>> + per-site analysis	auto:type-shape
plfsmaster	plfsmaster/src/plfscommon/main.rs	793	timehead	*mut timeentry	UNKNOWN	Option<NonNull<_>> + per-site analysis	auto:type-shape
plfsmaster	plfsmaster/src/plfscommon/main.rs	794	now	uint32_t	STATIC	AtomicU32	auto:type-shape
plfsmaster	plfsmaster/src/plfscommon/main.rs	795	start_time	uint32_t	STATIC	AtomicU32	auto:type-shape
plfsmaster	plfsmaster/src/plfscommon/main.rs	796	usecnow	uint64_t	STATIC	AtomicU64	auto:type-shape
plfsmaster	plfsmaster/src/plfscommon/main.rs	797	loop_start	::core::ffi::c_double	BUF	Mutex<::core::ffi::c_double> or thread_local	auto:type-shape
plfsmaster	plfsmaster/src/plfscommon/main.rs	798	signalpipe	[::core::ffi::c_int; 2]	BUF	Mutex<[…; N]> or thread_local	auto:type-shape
plfsmaster	plfsmaster/src/plfscommon/main.rs	92	optarg	*mut ::core::ffi::c_char	UNKNOWN	Option<NonNull<_>> + per-site analysis	auto:type-shape
plfsmaster	plfsmaster/src/plfscommon/main.rs	93	optind	::core::ffi::c_int	BUF	Mutex<::core::ffi::c_int> or thread_local	auto:type-shape
plfsmaster	plfsmaster/src/plfscommon/pcqueue.rs	28	stderr	*mut FILE	UNKNOWN	Option<NonNull<_>> + per-site analysis	auto:type-shape
plfsmaster	plfsmaster/src/plfscommon/random.rs	14	i	uint8_t	STATIC	AtomicU8	auto:type-shape
plfsmaster	plfsmaster/src/plfscommon/random.rs	15	j	uint8_t	STATIC	AtomicU8	auto:type-shape
plfsmaster	plfsmaster/src/plfscommon/random.rs	16	p	[uint8_t; 256]	BUF	Mutex<[…; N]> or thread_local	auto:type-shape
plfsmaster	plfsmaster/src/plfscommon/strerr.rs	15	stderr	*mut FILE	UNKNOWN	Option<NonNull<_>> + per-site analysis	auto:type-shape
plfsmaster	plfsmaster/src/plfscommon/strerr.rs	218	errtab	[errent; 132]	BUF	Mutex<[…; N]> or thread_local	auto:type-shape
plfsmaster	plfsmaster/src/plfscommon/strerr.rs	769	errhash	*mut errent	UNKNOWN	Option<NonNull<_>> + per-site analysis	auto:type-shape
plfsmaster	plfsmaster/src/plfscommon/strerr.rs	770	errhsize	uint32_t	STATIC	AtomicU32	auto:type-shape
plfsmaster	plfsmaster/src/plfscommon/strerr.rs	772	strerrstorage	*mut ::core::ffi::c_void	UNKNOWN	Option<NonNull<_>> + per-site analysis	auto:type-shape
plfsmaster	plfsmaster/src/plfsmaster/appendres.rs	18	appendreshash	[*mut appendreservation; 1024] =	BUF	Mutex<[…; N]> or thread_local	auto:type-shape
plfsmaster	plfsmaster/src/plfsmaster/bgsaver.rs	1417	readbuff	*mut uint8_t	UNKNOWN	Option<NonNull<_>> + per-site analysis	auto:type-shape
plfsmaster	plfsmaster/src/plfsmaster/bgsaver.rs	1418	readbuffsize	uint32_t	STATIC	AtomicU32	auto:type-shape
plfsmaster	plfsmaster/src/plfsmaster/bgsaver.rs	330	bgsaversingleton	*mut bgsaverconn	UNKNOWN	Option<NonNull<_>> + per-site analysis	auto:type-shape
plfsmaster	plfsmaster/src/plfsmaster/bgsaver.rs	331	BackLogsNumber	uint32_t	STATIC	AtomicU32	auto:type-shape
plfsmaster	plfsmaster/src/plfsmaster/bgsaver.rs	332	changelog_delay	uint32_t	STATIC	AtomicU32	auto:type-shape
plfsmaster	plfsmaster/src/plfsmaster/bgsaver.rs	333	bgsaver_last_activity	::core::ffi::c_double	BUF	Mutex<::core::ffi::c_double> or thread_local	auto:type-shape
plfsmaster	plfsmaster/src/plfsmaster/bgsaver.rs	334	bgsaver_last_check	::core::ffi::c_double	BUF	Mutex<::core::ffi::c_double> or thread_local	auto:type-shape
plfsmaster	plfsmaster/src/plfsmaster/bgsaver.rs	335	bgsaver_last_check_count	uint32_t	STATIC	AtomicU32	auto:type-shape
plfsmaster	plfsmaster/src/plfsmaster/bgsaver.rs	336	bgsaver_last_report	uint32_t	STATIC	AtomicU32	auto:type-shape
plfsmaster	plfsmaster/src/plfsmaster/bgsaver.rs	337	terminating	uint8_t	STATIC	AtomicU8	auto:type-shape
plfsmaster	plfsmaster/src/plfsmaster/bgsaver.rs	338	termdelay	uint8_t	STATIC	AtomicU8	auto:type-shape
plfsmaster	plfsmaster/src/plfsmaster/bgsaver.rs	459	last_timestamp	uint32_t	STATIC	AtomicU32	auto:type-shape
plfsmaster	plfsmaster/src/plfsmaster/bgsaver.rs	58	stderr	*mut FILE	UNKNOWN	Option<NonNull<_>> + per-site analysis	auto:type-shape
plfsmaster	plfsmaster/src/plfsmaster/bio.rs	39	stderr	*mut FILE	UNKNOWN	Option<NonNull<_>> + per-site analysis	auto:type-shape
plfsmaster	plfsmaster/src/plfsmaster/changelog.rs	244	BackLogsNumber	uint32_t	STATIC	AtomicU32	auto:type-shape
plfsmaster	plfsmaster/src/plfsmaster/changelog.rs	245	currentfd	*mut FILE	UNKNOWN	Option<NonNull<_>> + per-site analysis	auto:type-shape
plfsmaster	plfsmaster/src/plfsmaster/changelog.rs	247	old_changes_head	*mut old_changes_block	UNKNOWN	Option<NonNull<_>> + per-site analysis	auto:type-shape
plfsmaster	plfsmaster/src/plfsmaster/changelog.rs	248	old_changes_current	*mut old_changes_block =	UNKNOWN	Option<NonNull<_>> + per-site analysis	auto:type-shape
plfsmaster	plfsmaster/src/plfsmaster/changelog.rs	250	lastchange	::core::ffi::c_double	BUF	Mutex<::core::ffi::c_double> or thread_local	auto:type-shape
plfsmaster	plfsmaster/src/plfsmaster/changelog.rs	251	old_changes_total_size	uint64_t	STATIC	AtomicU64	auto:type-shape
plfsmaster	plfsmaster/src/plfsmaster/changelog.rs	252	ChangelogSecondsToRemember	uint32_t	STATIC	AtomicU32	auto:type-shape
plfsmaster	plfsmaster/src/plfsmaster/changelog.rs	253	ChangeLogMaxSize	uint64_t	STATIC	AtomicU64	auto:type-shape
plfsmaster	plfsmaster/src/plfsmaster/changelog.rs	254	ChangelogSaveMode	uint8_t	STATIC	AtomicU8	auto:type-shape
plfsmaster	plfsmaster/src/plfsmaster/changelog.rs	596	printbuff	[::core::ffi::c_char; 200000]	BUF	Mutex<[…; N]> or thread_local	auto:type-shape
plfsmaster	plfsmaster/src/plfsmaster/changelog.rs	6	stderr	*mut FILE	UNKNOWN	Option<NonNull<_>> + per-site analysis	auto:type-shape
plfsmaster	plfsmaster/src/plfsmaster/changelog.rs	630	gidstr	*mut ::core::ffi::c_char =	UNKNOWN	Option<NonNull<_>> + per-site analysis	auto:type-shape
plfsmaster	plfsmaster/src/plfsmaster/changelog.rs	632	gidstr_size	uint32_t	STATIC	AtomicU32	auto:type-shape
plfsmaster	plfsmaster/src/plfsmaster/changelog.rs	734	escname	[*mut ::core::ffi::c_char; 2]	BUF	Mutex<[…; N]> or thread_local	auto:type-shape
plfsmaster	plfsmaster/src/plfsmaster/changelog.rs	738	escnamesize	[uint32_t; 2]	BUF	Mutex<[…; N]> or thread_local	auto:type-shape
plfsmaster	plfsmaster/src/plfsmaster/changelog.rs	739	buffid	uint8_t	STATIC	AtomicU8	auto:type-shape
plfsmaster	plfsmaster/src/plfsmaster/chartsdata.rs	159	calcdefs	[uint32_t; 29]	BUF	Mutex<[…; N]> or thread_local	auto:type-shape
plfsmaster	plfsmaster/src/plfsmaster/chartsdata.rs	190	statdefs	[statdef; 71]	BUF	Mutex<[…; N]> or thread_local	auto:type-shape
plfsmaster	plfsmaster/src/plfsmaster/chartsdata.rs	199	estatdefs	[estatdef; 14]	BUF	Mutex<[…; N]> or thread_local	auto:type-shape
plfsmaster	plfsmaster/src/plfsmaster/chartsdata.rs	211	rss	uint64_t	STATIC	AtomicU64	auto:type-shape
plfsmaster	plfsmaster/src/plfsmaster/chartsdata.rs	212	virt	uint64_t	STATIC	AtomicU64	auto:type-shape
plfsmaster	plfsmaster/src/plfsmaster/chartsdata.rs	213	scpu	uint64_t	STATIC	AtomicU64	auto:type-shape
plfsmaster	plfsmaster/src/plfsmaster/chartsdata.rs	214	ucpu	uint64_t	STATIC	AtomicU64	auto:type-shape
plfsmaster	plfsmaster/src/plfsmaster/chunkdelay.rs	39	chunk_prot_hashtab	[*mut chunk_prot; 4096] =	BUF	Mutex<[…; N]> or thread_local	auto:type-shape
plfsmaster	plfsmaster/src/plfsmaster/chunkdelay.rs	41	ProtectionDelay	uint32_t	STATIC	AtomicU32	auto:type-shape
plfsmaster	plfsmaster/src/plfsmaster/chunkdelay.rs	95	current_index	uint32_t	STATIC	AtomicU32	auto:type-shape
plfsmaster	plfsmaster/src/plfsmaster/chunks.rs	10990	dcsids	*mut uint16_t	UNKNOWN	Option<NonNull<_>> + per-site analysis	auto:type-shape
plfsmaster	plfsmaster/src/plfsmaster/chunks.rs	10991	dservcount	uint16_t	STATIC	AtomicU16	auto:type-shape
plfsmaster	plfsmaster/src/plfsmaster/chunks.rs	10992	rcsids	*mut uint16_t	UNKNOWN	Option<NonNull<_>> + per-site analysis	auto:type-shape
plfsmaster	plfsmaster/src/plfsmaster/chunks.rs	11102	inforec	loop_info	BUF	Mutex<loop_info> or thread_local	auto:type-shape
plfsmaster	plfsmaster/src/plfsmaster/chunks.rs	11126	delnotdone	uint32_t	STATIC	AtomicU32	auto:type-shape
plfsmaster	plfsmaster/src/plfsmaster/chunks.rs	11127	deldone	uint32_t	STATIC	AtomicU32	auto:type-shape
plfsmaster	plfsmaster/src/plfsmaster/chunks.rs	11128	prevtodeletecount	uint32_t	STATIC	AtomicU32	auto:type-shape
plfsmaster	plfsmaster/src/plfsmaster/chunks.rs	11129	delloopcnt	uint32_t	STATIC	AtomicU32	auto:type-shape
plfsmaster	plfsmaster/src/plfsmaster/chunks.rs	11131	servers	*mut uint16_t	UNKNOWN	Option<NonNull<_>> + per-site analysis	auto:type-shape
plfsmaster	plfsmaster/src/plfsmaster/chunks.rs	11132	ecids	*mut uint8_t	UNKNOWN	Option<NonNull<_>> + per-site analysis	auto:type-shape
plfsmaster	plfsmaster/src/plfsmaster/chunks.rs	1513	opstr	[*const ::core::ffi::c_char; 9]	BUF	Mutex<[…; N]> or thread_local	auto:type-shape
plfsmaster	plfsmaster/src/plfsmaster/chunks.rs	1533	validstr	[*const ::core::ffi::c_char; 9]	BUF	Mutex<[…; N]> or thread_local	auto:type-shape
plfsmaster	plfsmaster/src/plfsmaster/chunks.rs	1553	job_exit_reason_str	[*const ::core::ffi::c_char; 95]	BUF	Mutex<[…; N]> or thread_local	auto:type-shape
plfsmaster	plfsmaster/src/plfsmaster/chunks.rs	16105	stdcsids	*mut uint16_t	UNKNOWN	Option<NonNull<_>> + per-site analysis	auto:type-shape
plfsmaster	plfsmaster/src/plfsmaster/chunks.rs	16106	olcsids	*mut uint16_t	UNKNOWN	Option<NonNull<_>> + per-site analysis	auto:type-shape
plfsmaster	plfsmaster/src/plfsmaster/chunks.rs	16107	allcsids	*mut uint16_t	UNKNOWN	Option<NonNull<_>> + per-site analysis	auto:type-shape
plfsmaster	plfsmaster/src/plfsmaster/chunks.rs	16108	stdcscnt	uint16_t	STATIC	AtomicU16	auto:type-shape
plfsmaster	plfsmaster/src/plfsmaster/chunks.rs	16109	olcscnt	uint16_t	STATIC	AtomicU16	auto:type-shape
plfsmaster	plfsmaster/src/plfsmaster/chunks.rs	16110	allcscnt	uint16_t	STATIC	AtomicU16	auto:type-shape
plfsmaster	plfsmaster/src/plfsmaster/chunks.rs	16515	jobshpos	uint32_t	STATIC	AtomicU32	auto:type-shape
plfsmaster	plfsmaster/src/plfsmaster/chunks.rs	16516	jobshstep	uint32_t	STATIC	AtomicU32	auto:type-shape
plfsmaster	plfsmaster/src/plfsmaster/chunks.rs	16517	jobshcnt	uint32_t	STATIC	AtomicU32	auto:type-shape
plfsmaster	plfsmaster/src/plfsmaster/chunks.rs	16518	jobshmax	uint32_t	STATIC	AtomicU32	auto:type-shape
plfsmaster	plfsmaster/src/plfsmaster/chunks.rs	16519	chunkcheckpos	uint32_t	STATIC	AtomicU32	auto:type-shape
plfsmaster	plfsmaster/src/plfsmaster/chunks.rs	16520	chunkcheckwait	uint32_t	STATIC	AtomicU32	auto:type-shape
plfsmaster	plfsmaster/src/plfsmaster/chunks.rs	16521	srcreset	uint16_t	STATIC	AtomicU16	auto:type-shape
plfsmaster	plfsmaster/src/plfsmaster/chunks.rs	16522	sccreset	uint16_t	STATIC	AtomicU16	auto:type-shape
plfsmaster	plfsmaster/src/plfsmaster/chunks.rs	16523	scmaxug	[uint16_t; 256]	BUF	Mutex<[…; N]> or thread_local	auto:type-shape
plfsmaster	plfsmaster/src/plfsmaster/chunks.rs	16524	scmaxog	[uint16_t; 256]	BUF	Mutex<[…; N]> or thread_local	auto:type-shape
plfsmaster	plfsmaster/src/plfsmaster/chunks.rs	16525	scmaxwl	[uint16_t; 256]	BUF	Mutex<[…; N]> or thread_local	auto:type-shape
plfsmaster	plfsmaster/src/plfsmaster/chunks.rs	16526	scmaxml	[uint16_t; 256]	BUF	Mutex<[…; N]> or thread_local	auto:type-shape
plfsmaster	plfsmaster/src/plfsmaster/chunks.rs	16527	scmax	*mut uint16_t	UNKNOWN	Option<NonNull<_>> + per-site analysis	auto:type-shape
plfsmaster	plfsmaster/src/plfsmaster/chunks.rs	1659	job_exit_reasons_last	[[uint32_t; 94]; 256]	BUF	Mutex<[…; N]> or thread_local	auto:type-shape
plfsmaster	plfsmaster/src/plfsmaster/chunks.rs	1660	job_exit_reasons	[[uint32_t; 94]; 256]	BUF	Mutex<[…; N]> or thread_local	auto:type-shape
plfsmaster	plfsmaster/src/plfsmaster/chunks.rs	1690	job_call_last	[[uint32_t; 10]; 256]	BUF	Mutex<[…; N]> or thread_local	auto:type-shape
plfsmaster	plfsmaster/src/plfsmaster/chunks.rs	1691	job_call	[[uint32_t; 10]; 256]	BUF	Mutex<[…; N]> or thread_local	auto:type-shape
plfsmaster	plfsmaster/src/plfsmaster/chunks.rs	1692	job_nocall_last	[[uint32_t; 10]; 256]	BUF	Mutex<[…; N]> or thread_local	auto:type-shape
plfsmaster	plfsmaster/src/plfsmaster/chunks.rs	1693	job_nocall	[[uint32_t; 10]; 256]	BUF	Mutex<[…; N]> or thread_local	auto:type-shape
plfsmaster	plfsmaster/src/plfsmaster/chunks.rs	1715	replock_hash	[*mut replock; 65536]	BUF	Mutex<[…; N]> or thread_local	auto:type-shape
plfsmaster	plfsmaster/src/plfsmaster/chunks.rs	1828	replock_used	uint64_t	STATIC	AtomicU64	auto:type-shape
plfsmaster	plfsmaster/src/plfsmaster/chunks.rs	1829	replock_buckets_head	*mut replock_bucket	UNKNOWN	Option<NonNull<_>> + per-site analysis	auto:type-shape
plfsmaster	plfsmaster/src/plfsmaster/chunks.rs	1830	replock_allocated	uint64_t	STATIC	AtomicU64	auto:type-shape
plfsmaster	plfsmaster/src/plfsmaster/chunks.rs	1831	replock_free_head	*mut ::core::ffi::c_void	UNKNOWN	Option<NonNull<_>> + per-site analysis	auto:type-shape
plfsmaster	plfsmaster/src/plfsmaster/chunks.rs	1915	discservers	*mut discserv	UNKNOWN	Option<NonNull<_>> + per-site analysis	auto:type-shape
plfsmaster	plfsmaster/src/plfsmaster/chunks.rs	1916	discservers_next	*mut discserv	UNKNOWN	Option<NonNull<_>> + per-site analysis	auto:type-shape
plfsmaster	plfsmaster/src/plfsmaster/chunks.rs	1921	flistmem	*mut *mut flist	UNKNOWN	Option<NonNull<_>> + per-site analysis	auto:type-shape
plfsmaster	plfsmaster/src/plfsmaster/chunks.rs	1922	flistfirstfree	uint32_t	STATIC	AtomicU32	auto:type-shape
plfsmaster	plfsmaster/src/plfsmaster/chunks.rs	1923	flistfreehead	uint32_t	STATIC	AtomicU32	auto:type-shape
plfsmaster	plfsmaster/src/plfsmaster/chunks.rs	20	stderr	*mut FILE	UNKNOWN	Option<NonNull<_>> + per-site analysis	auto:type-shape
plfsmaster	plfsmaster/src/plfsmaster/chunks.rs	2008	chunkhashtab	[*mut *mut chunk; 128]	BUF	Mutex<[…; N]> or thread_local	auto:type-shape
plfsmaster	plfsmaster/src/plfsmaster/chunks.rs	2009	chunkrehashpos	uint32_t	STATIC	AtomicU32	auto:type-shape
plfsmaster	plfsmaster/src/plfsmaster/chunks.rs	2010	chunkhashsize	uint32_t	STATIC	AtomicU32	auto:type-shape
plfsmaster	plfsmaster/src/plfsmaster/chunks.rs	2011	chunkhashelem	uint32_t	STATIC	AtomicU32	auto:type-shape
plfsmaster	plfsmaster/src/plfsmaster/chunks.rs	2012	nextchunkid	uint64_t	STATIC	AtomicU64	auto:type-shape
plfsmaster	plfsmaster/src/plfsmaster/chunks.rs	2016	cstab	*mut csdata	UNKNOWN	Option<NonNull<_>> + per-site analysis	auto:type-shape
plfsmaster	plfsmaster/src/plfsmaster/chunks.rs	2017	csfreehead	uint32_t	STATIC	AtomicU32	auto:type-shape
plfsmaster	plfsmaster/src/plfsmaster/chunks.rs	2018	csfreetail	uint32_t	STATIC	AtomicU32	auto:type-shape
plfsmaster	plfsmaster/src/plfsmaster/chunks.rs	2019	csusedhead	uint32_t	STATIC	AtomicU32	auto:type-shape
plfsmaster	plfsmaster/src/plfsmaster/chunks.rs	2020	opsinprogress	uint32_t	STATIC	AtomicU32	auto:type-shape
plfsmaster	plfsmaster/src/plfsmaster/chunks.rs	2021	csregisterinprogress	uint16_t	STATIC	AtomicU16	auto:type-shape
plfsmaster	plfsmaster/src/plfsmaster/chunks.rs	2022	chq_hash	*mut *mut chq_element	UNKNOWN	Option<NonNull<_>> + per-site analysis	auto:type-shape
plfsmaster	plfsmaster/src/plfsmaster/chunks.rs	2023	chq_queue_head	[*mut chq_element; 9]	BUF	Mutex<[…; N]> or thread_local	auto:type-shape
plfsmaster	plfsmaster/src/plfsmaster/chunks.rs	2024	chq_queue_tail	[*mut *mut chq_element; 9] =	BUF	Mutex<[…; N]> or thread_local	auto:type-shape
plfsmaster	plfsmaster/src/plfsmaster/chunks.rs	2026	chq_queue_elements	[uint32_t; 9]	BUF	Mutex<[…; N]> or thread_local	auto:type-shape
plfsmaster	plfsmaster/src/plfsmaster/chunks.rs	2027	chq_elements	uint32_t	STATIC	AtomicU32	auto:type-shape
plfsmaster	plfsmaster/src/plfsmaster/chunks.rs	2028	chq_queue_last_append_count	[uint32_t; 9]	BUF	Mutex<[…; N]> or thread_local	auto:type-shape
plfsmaster	plfsmaster/src/plfsmaster/chunks.rs	2029	chq_queue_current_append_count	[uint32_t; 9]	BUF	Mutex<[…; N]> or thread_local	auto:type-shape
plfsmaster	plfsmaster/src/plfsmaster/chunks.rs	2030	chq_queue_last_pop_count	[uint32_t; 9]	BUF	Mutex<[…; N]> or thread_local	auto:type-shape
plfsmaster	plfsmaster/src/plfsmaster/chunks.rs	2031	chq_queue_current_pop_count	[uint32_t; 9]	BUF	Mutex<[…; N]> or thread_local	auto:type-shape
plfsmaster	plfsmaster/src/plfsmaster/chunks.rs	2032	chq_queue_last_remove_count	[uint32_t; 9]	BUF	Mutex<[…; N]> or thread_local	auto:type-shape
plfsmaster	plfsmaster/src/plfsmaster/chunks.rs	2033	chq_queue_current_remove_count	[uint32_t; 9]	BUF	Mutex<[…; N]> or thread_local	auto:type-shape
plfsmaster	plfsmaster/src/plfsmaster/chunks.rs	2034	pristr	[*const ::core::ffi::c_char; 9]	BUF	Mutex<[…; N]> or thread_local	auto:type-shape
plfsmaster	plfsmaster/src/plfsmaster/chunks.rs	2045	io_ready_chunk_hash	[*mut io_ready_chunk; 256] =	BUF	Mutex<[…; N]> or thread_local	auto:type-shape
plfsmaster	plfsmaster/src/plfsmaster/chunks.rs	2047	JobsTimerMilliSeconds	uint32_t	STATIC	AtomicU32	auto:type-shape
plfsmaster	plfsmaster/src/plfsmaster/chunks.rs	2048	TicksPerSecond	uint32_t	STATIC	AtomicU32	auto:type-shape
plfsmaster	plfsmaster/src/plfsmaster/chunks.rs	2049	MaxFailsPerClass	uint32_t	STATIC	AtomicU32	auto:type-shape
plfsmaster	plfsmaster/src/plfsmaster/chunks.rs	2050	FailClassCounterResetCalls	uint32_t	STATIC	AtomicU32	auto:type-shape
plfsmaster	plfsmaster/src/plfsmaster/chunks.rs	2051	MaxRebalanceFails	uint32_t	STATIC	AtomicU32	auto:type-shape
plfsmaster	plfsmaster/src/plfsmaster/chunks.rs	2052	FailRebalanceCounterResetCalls	uint32_t	STATIC	AtomicU32	auto:type-shape
plfsmaster	plfsmaster/src/plfsmaster/chunks.rs	2053	rebalance_fails	[uint16_t; 256]	BUF	Mutex<[…; N]> or thread_local	auto:type-shape
plfsmaster	plfsmaster/src/plfsmaster/chunks.rs	2054	jobs_timer	*mut ::core::ffi::c_void	UNKNOWN	Option<NonNull<_>> + per-site analysis	auto:type-shape
plfsmaster	plfsmaster/src/plfsmaster/chunks.rs	2055	ReplicationsDelayInit	uint32_t	STATIC	AtomicU32	auto:type-shape
plfsmaster	plfsmaster/src/plfsmaster/chunks.rs	2056	DangerMinLeng	uint32_t	STATIC	AtomicU32	auto:type-shape
plfsmaster	plfsmaster/src/plfsmaster/chunks.rs	2057	DangerMaxLeng	uint32_t	STATIC	AtomicU32	auto:type-shape
plfsmaster	plfsmaster/src/plfsmaster/chunks.rs	2058	MaxWriteRepl	[::core::ffi::c_double; 5]	BUF	Mutex<[…; N]> or thread_local	auto:type-shape
plfsmaster	plfsmaster/src/plfsmaster/chunks.rs	2059	MaxReadRepl	[::core::ffi::c_double; 5]	BUF	Mutex<[…; N]> or thread_local	auto:type-shape
plfsmaster	plfsmaster/src/plfsmaster/chunks.rs	2060	MaxDelSoftLimit	uint32_t	STATIC	AtomicU32	auto:type-shape
plfsmaster	plfsmaster/src/plfsmaster/chunks.rs	2061	MaxDelHardLimit	uint32_t	STATIC	AtomicU32	auto:type-shape
plfsmaster	plfsmaster/src/plfsmaster/chunks.rs	2062	TmpMaxDelFrac	::core::ffi::c_double	BUF	Mutex<::core::ffi::c_double> or thread_local	auto:type-shape
plfsmaster	plfsmaster/src/plfsmaster/chunks.rs	2063	TmpMaxDel	uint32_t	STATIC	AtomicU32	auto:type-shape
plfsmaster	plfsmaster/src/plfsmaster/chunks.rs	2064	ReplicationsRespectTopology	uint8_t	STATIC	AtomicU8	auto:type-shape
plfsmaster	plfsmaster/src/plfsmaster/chunks.rs	2065	CreationsRespectTopology	uint32_t	STATIC	AtomicU32	auto:type-shape
plfsmaster	plfsmaster/src/plfsmaster/chunks.rs	2066	LoopTimeMin	uint32_t	STATIC	AtomicU32	auto:type-shape
plfsmaster	plfsmaster/src/plfsmaster/chunks.rs	2067	HashCPTMax	uint32_t	STATIC	AtomicU32	auto:type-shape
plfsmaster	plfsmaster/src/plfsmaster/chunks.rs	2068	AcceptableDifference	::core::ffi::c_double	BUF	Mutex<::core::ffi::c_double> or thread_local	auto:type-shape
plfsmaster	plfsmaster/src/plfsmaster/chunks.rs	2069	DoNotUseSameIP	uint8_t	STATIC	AtomicU8	auto:type-shape
plfsmaster	plfsmaster/src/plfsmaster/chunks.rs	2070	DoNotUseSameRack	uint8_t	STATIC	AtomicU8	auto:type-shape
plfsmaster	plfsmaster/src/plfsmaster/chunks.rs	2071	chunksinfo	loop_info	BUF	Mutex<loop_info> or thread_local	auto:type-shape
plfsmaster	plfsmaster/src/plfsmaster/chunks.rs	2095	chunksinfo_loopstart	uint32_t	STATIC	AtomicU32	auto:type-shape
plfsmaster	plfsmaster/src/plfsmaster/chunks.rs	2096	chunksinfo_loopend	uint32_t	STATIC	AtomicU32	auto:type-shape
plfsmaster	plfsmaster/src/plfsmaster/chunks.rs	2097	lastchunkid	uint64_t	STATIC	AtomicU64	auto:type-shape
plfsmaster	plfsmaster/src/plfsmaster/chunks.rs	2098	lastchunkptr	*mut chunk	UNKNOWN	Option<NonNull<_>> + per-site analysis	auto:type-shape
plfsmaster	plfsmaster/src/plfsmaster/chunks.rs	2099	chunks	uint32_t	STATIC	AtomicU32	auto:type-shape
plfsmaster	plfsmaster/src/plfsmaster/chunks.rs	2100	last_rebalance	uint32_t	STATIC	AtomicU32	auto:type-shape
plfsmaster	plfsmaster/src/plfsmaster/chunks.rs	2101	allchunkcopycounts	*mut *mut uint64_t	UNKNOWN	Option<NonNull<_>> + per-site analysis	auto:type-shape
plfsmaster	plfsmaster/src/plfsmaster/chunks.rs	2102	regchunkcopycounts	*mut *mut uint64_t	UNKNOWN	Option<NonNull<_>> + per-site analysis	auto:type-shape
plfsmaster	plfsmaster/src/plfsmaster/chunks.rs	2103	allchunkec8counts	*mut *mut uint64_t	UNKNOWN	Option<NonNull<_>> + per-site analysis	auto:type-shape
plfsmaster	plfsmaster/src/plfsmaster/chunks.rs	2104	regchunkec8counts	*mut *mut uint64_t	UNKNOWN	Option<NonNull<_>> + per-site analysis	auto:type-shape
plfsmaster	plfsmaster/src/plfsmaster/chunks.rs	2105	allchunkec4counts	*mut *mut uint64_t	UNKNOWN	Option<NonNull<_>> + per-site analysis	auto:type-shape
plfsmaster	plfsmaster/src/plfsmaster/chunks.rs	2106	regchunkec4counts	*mut *mut uint64_t	UNKNOWN	Option<NonNull<_>> + per-site analysis	auto:type-shape
plfsmaster	plfsmaster/src/plfsmaster/chunks.rs	2107	stats_chunkops	[uint32_t; 15]	BUF	Mutex<[…; N]> or thread_local	auto:type-shape
plfsmaster	plfsmaster/src/plfsmaster/chunks.rs	2123	imatching	*mut int32_t	UNKNOWN	Option<NonNull<_>> + per-site analysis	auto:type-shape
plfsmaster	plfsmaster/src/plfsmaster/chunks.rs	2124	matching	*mut int32_t	UNKNOWN	Option<NonNull<_>> + per-site analysis	auto:type-shape
plfsmaster	plfsmaster/src/plfsmaster/chunks.rs	2125	augment	*mut int32_t	UNKNOWN	Option<NonNull<_>> + per-site analysis	auto:type-shape
plfsmaster	plfsmaster/src/plfsmaster/chunks.rs	2126	visited	*mut uint8_t	UNKNOWN	Option<NonNull<_>> + per-site analysis	auto:type-shape
plfsmaster	plfsmaster/src/plfsmaster/chunks.rs	2127	queue	*mut int32_t	UNKNOWN	Option<NonNull<_>> + per-site analysis	auto:type-shape
plfsmaster	plfsmaster/src/plfsmaster/chunks.rs	2128	group	*mut int32_t	UNKNOWN	Option<NonNull<_>> + per-site analysis	auto:type-shape
plfsmaster	plfsmaster/src/plfsmaster/chunks.rs	2129	grnode	*mut int32_t	UNKNOWN	Option<NonNull<_>> + per-site analysis	auto:type-shape
plfsmaster	plfsmaster/src/plfsmaster/chunks.rs	2130	sidval	*mut uint32_t	UNKNOWN	Option<NonNull<_>> + per-site analysis	auto:type-shape
plfsmaster	plfsmaster/src/plfsmaster/chunks.rs	2131	sidpos	*mut int32_t	UNKNOWN	Option<NonNull<_>> + per-site analysis	auto:type-shape
plfsmaster	plfsmaster/src/plfsmaster/chunks.rs	2132	tablength	uint32_t	STATIC	AtomicU32	auto:type-shape
plfsmaster	plfsmaster/src/plfsmaster/chunks.rs	2133	stablength	uint32_t	STATIC	AtomicU32	auto:type-shape
plfsmaster	plfsmaster/src/plfsmaster/chunks.rs	2775	slist_free_head	*mut ::core::ffi::c_void	UNKNOWN	Option<NonNull<_>> + per-site analysis	auto:type-shape
plfsmaster	plfsmaster/src/plfsmaster/chunks.rs	2776	slist_used	uint64_t	STATIC	AtomicU64	auto:type-shape
plfsmaster	plfsmaster/src/plfsmaster/chunks.rs	2889	slist_buckets_head	*mut slist_bucket	UNKNOWN	Option<NonNull<_>> + per-site analysis	auto:type-shape
plfsmaster	plfsmaster/src/plfsmaster/chunks.rs	2890	slist_allocated	uint64_t	STATIC	AtomicU64	auto:type-shape
plfsmaster	plfsmaster/src/plfsmaster/chunks.rs	3023	chunk_used	uint64_t	STATIC	AtomicU64	auto:type-shape
plfsmaster	plfsmaster/src/plfsmaster/chunks.rs	3024	chunk_buckets_head	*mut chunk_bucket	UNKNOWN	Option<NonNull<_>> + per-site analysis	auto:type-shape
plfsmaster	plfsmaster/src/plfsmaster/chunks.rs	3025	chunk_allocated	uint64_t	STATIC	AtomicU64	auto:type-shape
plfsmaster	plfsmaster/src/plfsmaster/chunks.rs	3026	chunk_free_head	*mut ::core::ffi::c_void	UNKNOWN	Option<NonNull<_>> + per-site analysis	auto:type-shape
plfsmaster	plfsmaster/src/plfsmaster/chunks.rs	3027	chunk_queue_buckets_head	*mut chunk_queue_bucket =	UNKNOWN	Option<NonNull<_>> + per-site analysis	auto:type-shape
plfsmaster	plfsmaster/src/plfsmaster/chunks.rs	3036	chunk_queue_free_head	*mut ::core::ffi::c_void	UNKNOWN	Option<NonNull<_>> + per-site analysis	auto:type-shape
plfsmaster	plfsmaster/src/plfsmaster/chunks.rs	3123	chunk_queue_allocated	uint64_t	STATIC	AtomicU64	auto:type-shape
plfsmaster	plfsmaster/src/plfsmaster/chunks.rs	3144	chunk_queue_used	uint64_t	STATIC	AtomicU64	auto:type-shape
plfsmaster	plfsmaster/src/plfsmaster/chunks.rs	4616	aservers	*mut uint16_t	UNKNOWN	Option<NonNull<_>> + per-site analysis	auto:type-shape
plfsmaster	plfsmaster/src/plfsmaster/chunks.rs	4617	aservcnt	uint16_t	STATIC	AtomicU16	auto:type-shape
plfsmaster	plfsmaster/src/plfsmaster/chunks.rs	4878	servers	*mut uint16_t	UNKNOWN	Option<NonNull<_>> + per-site analysis	auto:type-shape
plfsmaster	plfsmaster/src/plfsmaster/chunks.rs	5555	io_ready_chunk_used	uint64_t	STATIC	AtomicU64	auto:type-shape
plfsmaster	plfsmaster/src/plfsmaster/chunks.rs	5586	io_ready_chunk_allocated	uint64_t	STATIC	AtomicU64	auto:type-shape
plfsmaster	plfsmaster/src/plfsmaster/chunks.rs	5674	io_ready_chunk_free_head	*mut ::core::ffi::c_void	UNKNOWN	Option<NonNull<_>> + per-site analysis	auto:type-shape
plfsmaster	plfsmaster/src/plfsmaster/chunks.rs	5685	io_ready_chunk_buckets_head	*mut io_ready_chunk_bucket =	UNKNOWN	Option<NonNull<_>> + per-site analysis	auto:type-shape
plfsmaster	plfsmaster/src/plfsmaster/chunks.rs	7022	servers	*mut uint16_t	UNKNOWN	Option<NonNull<_>> + per-site analysis	auto:type-shape
plfsmaster	plfsmaster/src/plfsmaster/chunks.rs	7023	rcsids	*mut uint16_t	UNKNOWN	Option<NonNull<_>> + per-site analysis	auto:type-shape
plfsmaster	plfsmaster/src/plfsmaster/chunks.rs	7331	chosen	*mut *mut ::core::ffi::c_void =	UNKNOWN	Option<NonNull<_>> + per-site analysis	auto:type-shape
plfsmaster	plfsmaster/src/plfsmaster/chunks.rs	7333	chosenleng	uint32_t	STATIC	AtomicU32	auto:type-shape
plfsmaster	plfsmaster/src/plfsmaster/chunks.rs	8689	loglastts	uint32_t	STATIC	AtomicU32	auto:type-shape
plfsmaster	plfsmaster/src/plfsmaster/chunks.rs	8690	ilogcount	uint32_t	STATIC	AtomicU32	auto:type-shape
plfsmaster	plfsmaster/src/plfsmaster/chunks.rs	8691	clogcount	uint32_t	STATIC	AtomicU32	auto:type-shape
plfsmaster	plfsmaster/src/plfsmaster/chunks.rs	906	bitcount_tab	[uint8_t; 256]	BUF	Mutex<[…; N]> or thread_local	auto:type-shape
plfsmaster	plfsmaster/src/plfsmaster/chunks.rs	9170	discserverspos	uint32_t	STATIC	AtomicU32	auto:type-shape
plfsmaster	plfsmaster/src/plfsmaster/csdb.rs	264	HeavyLoadGracePeriod	uint32_t	STATIC	AtomicU32	auto:type-shape
plfsmaster	plfsmaster/src/plfsmaster/csdb.rs	265	HeavyLoadThreshold	uint32_t	STATIC	AtomicU32	auto:type-shape
plfsmaster	plfsmaster/src/plfsmaster/csdb.rs	266	HeavyLoadRatioThreshold	::core::ffi::c_double	BUF	Mutex<::core::ffi::c_double> or thread_local	auto:type-shape
plfsmaster	plfsmaster/src/plfsmaster/csdb.rs	267	MaintenanceModeTimeout	uint32_t	STATIC	AtomicU32	auto:type-shape
plfsmaster	plfsmaster/src/plfsmaster/csdb.rs	268	TempMaintenanceModeTimeout	uint32_t	STATIC	AtomicU32	auto:type-shape
plfsmaster	plfsmaster/src/plfsmaster/csdb.rs	269	SecondsToRemoveUnusedCS	uint32_t	STATIC	AtomicU32	auto:type-shape
plfsmaster	plfsmaster/src/plfsmaster/csdb.rs	274	csdbhash	[*mut csdbentry; 256]	BUF	Mutex<[…; N]> or thread_local	auto:type-shape
plfsmaster	plfsmaster/src/plfsmaster/csdb.rs	275	csdbtab	*mut *mut csdbentry	UNKNOWN	Option<NonNull<_>> + per-site analysis	auto:type-shape
plfsmaster	plfsmaster/src/plfsmaster/csdb.rs	276	nextid	uint32_t	STATIC	AtomicU32	auto:type-shape
plfsmaster	plfsmaster/src/plfsmaster/csdb.rs	277	disconnected_servers	uint32_t	STATIC	AtomicU32	auto:type-shape
plfsmaster	plfsmaster/src/plfsmaster/csdb.rs	278	disconnected_servers_in_maintenance	uint32_t	STATIC	AtomicU32	auto:type-shape
plfsmaster	plfsmaster/src/plfsmaster/csdb.rs	279	servers	uint32_t	STATIC	AtomicU32	auto:type-shape
plfsmaster	plfsmaster/src/plfsmaster/csdb.rs	280	loadsum	uint32_t	STATIC	AtomicU32	auto:type-shape
plfsmaster	plfsmaster/src/plfsmaster/csdb.rs	7	stderr	*mut FILE	UNKNOWN	Option<NonNull<_>> + per-site analysis	auto:type-shape
plfsmaster	plfsmaster/src/plfsmaster/csipmap.rs	114	ipclass_head	*mut ipclass	UNKNOWN	Option<NonNull<_>> + per-site analysis	auto:type-shape
plfsmaster	plfsmaster/src/plfsmaster/csipmap.rs	115	load_head	*mut ipclass	UNKNOWN	Option<NonNull<_>> + per-site analysis	auto:type-shape
plfsmaster	plfsmaster/src/plfsmaster/csipmap.rs	116	current_section	uint8_t	STATIC	AtomicU8	auto:type-shape
plfsmaster	plfsmaster/src/plfsmaster/csipmap.rs	117	lstate	uint8_t	STATIC	AtomicU8	auto:type-shape
plfsmaster	plfsmaster/src/plfsmaster/csipmap.rs	118	ipmap_hashtab	[*mut ipmap; 1024]	BUF	Mutex<[…; N]> or thread_local	auto:type-shape
plfsmaster	plfsmaster/src/plfsmaster/csipmap.rs	119	load_hashtab	[*mut ipmap; 1024]	BUF	Mutex<[…; N]> or thread_local	auto:type-shape
plfsmaster	plfsmaster/src/plfsmaster/datacachemgr.rs	19	dcm_tab	[datacache_entry; 500000]	BUF	Mutex<[…; N]> or thread_local	auto:type-shape
plfsmaster	plfsmaster/src/plfsmaster/datacachemgr.rs	27	dcm_inodehash	[uint32_t; 250000]	BUF	Mutex<[…; N]> or thread_local	auto:type-shape
plfsmaster	plfsmaster/src/plfsmaster/datacachemgr.rs	28	dcm_lru_first	uint32_t	STATIC	AtomicU32	auto:type-shape
plfsmaster	plfsmaster/src/plfsmaster/datacachemgr.rs	29	dcm_lru_last	uint32_t	STATIC	AtomicU32	auto:type-shape
plfsmaster	plfsmaster/src/plfsmaster/exports.rs	361	c1	uint32_t	STATIC	AtomicU32	auto:type-shape
plfsmaster	plfsmaster/src/plfsmaster/exports.rs	362	c2	uint32_t	STATIC	AtomicU32	auto:type-shape
plfsmaster	plfsmaster/src/plfsmaster/exports.rs	363	r1	uint32_t	STATIC	AtomicU32	auto:type-shape
plfsmaster	plfsmaster/src/plfsmaster/exports.rs	364	r2	uint32_t	STATIC	AtomicU32	auto:type-shape
plfsmaster	plfsmaster/src/plfsmaster/exports.rs	365	m	uint32_t	STATIC	AtomicU32	auto:type-shape
plfsmaster	plfsmaster/src/plfsmaster/exports.rs	366	n	uint32_t	STATIC	AtomicU32	auto:type-shape
plfsmaster	plfsmaster/src/plfsmaster/exports.rs	417	exports_records	*mut exports	UNKNOWN	Option<NonNull<_>> + per-site analysis	auto:type-shape
plfsmaster	plfsmaster/src/plfsmaster/exports.rs	418	exports_csum	uint64_t	STATIC	AtomicU64	auto:type-shape
plfsmaster	plfsmaster/src/plfsmaster/exports.rs	419	ExportsFileName	*mut ::core::ffi::c_char =	UNKNOWN	Option<NonNull<_>> + per-site analysis	auto:type-shape
plfsmaster	plfsmaster/src/plfsmaster/exports.rs	6	stderr	*mut FILE	UNKNOWN	Option<NonNull<_>> + per-site analysis	auto:type-shape
plfsmaster	plfsmaster/src/plfsmaster/filesystem.rs	1047	freenode_allocated	uint64_t	STATIC	AtomicU64	auto:type-shape
plfsmaster	plfsmaster/src/plfsmaster/filesystem.rs	1048	freenode_used	uint64_t	STATIC	AtomicU64	auto:type-shape
plfsmaster	plfsmaster/src/plfsmaster/filesystem.rs	1066	freenode_free_head	*mut ::core::ffi::c_void	UNKNOWN	Option<NonNull<_>> + per-site analysis	auto:type-shape
plfsmaster	plfsmaster/src/plfsmaster/filesystem.rs	1067	freenode_buckets_head	*mut freenode_bucket	UNKNOWN	Option<NonNull<_>> + per-site analysis	auto:type-shape
plfsmaster	plfsmaster/src/plfsmaster/filesystem.rs	1177	quotanode_used	uint64_t	STATIC	AtomicU64	auto:type-shape
plfsmaster	plfsmaster/src/plfsmaster/filesystem.rs	1205	quotanode_free_head	*mut ::core::ffi::c_void	UNKNOWN	Option<NonNull<_>> + per-site analysis	auto:type-shape
plfsmaster	plfsmaster/src/plfsmaster/filesystem.rs	1216	quotanode_allocated	uint64_t	STATIC	AtomicU64	auto:type-shape
plfsmaster	plfsmaster/src/plfsmaster/filesystem.rs	1217	quotanode_buckets_head	*mut quotanode_bucket =	UNKNOWN	Option<NonNull<_>> + per-site analysis	auto:type-shape
plfsmaster	plfsmaster/src/plfsmaster/filesystem.rs	1310	nrbheads	[*mut fsnode_bucket; 5]	BUF	Mutex<[…; N]> or thread_local	auto:type-shape
plfsmaster	plfsmaster/src/plfsmaster/filesystem.rs	1311	nrbfreeheads	[*mut fsnode; 5]	BUF	Mutex<[…; N]> or thread_local	auto:type-shape
plfsmaster	plfsmaster/src/plfsmaster/filesystem.rs	1312	nrbucketsize	[uint32_t; 5]	BUF	Mutex<[…; N]> or thread_local	auto:type-shape
plfsmaster	plfsmaster/src/plfsmaster/filesystem.rs	1313	nrelemsize	[uint32_t; 5]	BUF	Mutex<[…; N]> or thread_local	auto:type-shape
plfsmaster	plfsmaster/src/plfsmaster/filesystem.rs	1314	fsnode_allocated	uint64_t	STATIC	AtomicU64	auto:type-shape
plfsmaster	plfsmaster/src/plfsmaster/filesystem.rs	1315	fsnode_used	uint64_t	STATIC	AtomicU64	auto:type-shape
plfsmaster	plfsmaster/src/plfsmaster/filesystem.rs	1494	erbheads	[*mut fsedge_bucket; 128]	BUF	Mutex<[…; N]> or thread_local	auto:type-shape
plfsmaster	plfsmaster/src/plfsmaster/filesystem.rs	1495	erbfreeheads	[*mut fsedge; 128]	BUF	Mutex<[…; N]> or thread_local	auto:type-shape
plfsmaster	plfsmaster/src/plfsmaster/filesystem.rs	1496	erbucketsize	[uint32_t; 128]	BUF	Mutex<[…; N]> or thread_local	auto:type-shape
plfsmaster	plfsmaster/src/plfsmaster/filesystem.rs	1497	fsedge_allocated	uint64_t	STATIC	AtomicU64	auto:type-shape
plfsmaster	plfsmaster/src/plfsmaster/filesystem.rs	1498	fsedge_used	uint64_t	STATIC	AtomicU64	auto:type-shape
plfsmaster	plfsmaster/src/plfsmaster/filesystem.rs	1719	stbheads	[*mut symlink_bucket; 512]	BUF	Mutex<[…; N]> or thread_local	auto:type-shape
plfsmaster	plfsmaster/src/plfsmaster/filesystem.rs	1720	stbfreeheads	[*mut uint8_t; 512]	BUF	Mutex<[…; N]> or thread_local	auto:type-shape
plfsmaster	plfsmaster/src/plfsmaster/filesystem.rs	1721	stbucketsize	[uint32_t; 512]	BUF	Mutex<[…; N]> or thread_local	auto:type-shape
plfsmaster	plfsmaster/src/plfsmaster/filesystem.rs	1722	symlink_allocated	uint64_t	STATIC	AtomicU64	auto:type-shape
plfsmaster	plfsmaster/src/plfsmaster/filesystem.rs	1723	symlink_used	uint64_t	STATIC	AtomicU64	auto:type-shape
plfsmaster	plfsmaster/src/plfsmaster/filesystem.rs	18148	i	uint32_t	STATIC	AtomicU32	auto:type-shape
plfsmaster	plfsmaster/src/plfsmaster/filesystem.rs	18163	files	uint32_t	STATIC	AtomicU32	auto:type-shape
plfsmaster	plfsmaster/src/plfsmaster/filesystem.rs	18164	ugfiles	uint32_t	STATIC	AtomicU32	auto:type-shape
plfsmaster	plfsmaster/src/plfsmaster/filesystem.rs	18165	mfiles	uint32_t	STATIC	AtomicU32	auto:type-shape
plfsmaster	plfsmaster/src/plfsmaster/filesystem.rs	18166	mtfiles	uint32_t	STATIC	AtomicU32	auto:type-shape
plfsmaster	plfsmaster/src/plfsmaster/filesystem.rs	18167	msfiles	uint32_t	STATIC	AtomicU32	auto:type-shape
plfsmaster	plfsmaster/src/plfsmaster/filesystem.rs	18168	chunks	uint32_t	STATIC	AtomicU32	auto:type-shape
plfsmaster	plfsmaster/src/plfsmaster/filesystem.rs	18169	ugchunks	uint32_t	STATIC	AtomicU32	auto:type-shape
plfsmaster	plfsmaster/src/plfsmaster/filesystem.rs	18170	mchunks	uint32_t	STATIC	AtomicU32	auto:type-shape
plfsmaster	plfsmaster/src/plfsmaster/filesystem.rs	18171	notfoundchunks	uint32_t	STATIC	AtomicU32	auto:type-shape
plfsmaster	plfsmaster/src/plfsmaster/filesystem.rs	18172	msgbuff	*mut ::core::ffi::c_char =	UNKNOWN	Option<NonNull<_>> + per-site analysis	auto:type-shape
plfsmaster	plfsmaster/src/plfsmaster/filesystem.rs	18174	tmp	*mut ::core::ffi::c_char	UNKNOWN	Option<NonNull<_>> + per-site analysis	auto:type-shape
plfsmaster	plfsmaster/src/plfsmaster/filesystem.rs	18175	leng	uint32_t	STATIC	AtomicU32	auto:type-shape
plfsmaster	plfsmaster/src/plfsmaster/filesystem.rs	1908	ctbheads	[*mut chunktab_bucket; 121] =	BUF	Mutex<[…; N]> or thread_local	auto:type-shape
plfsmaster	plfsmaster/src/plfsmaster/filesystem.rs	1910	ctbfreeheads	[*mut uint64_t; 121]	BUF	Mutex<[…; N]> or thread_local	auto:type-shape
plfsmaster	plfsmaster/src/plfsmaster/filesystem.rs	1911	ctbucketsize	[uint64_t; 121]	BUF	Mutex<[…; N]> or thread_local	auto:type-shape
plfsmaster	plfsmaster/src/plfsmaster/filesystem.rs	1912	chunktabsize	[uint64_t; 121]	BUF	Mutex<[…; N]> or thread_local	auto:type-shape
plfsmaster	plfsmaster/src/plfsmaster/filesystem.rs	1913	chunktab_allocated	uint64_t	STATIC	AtomicU64	auto:type-shape
plfsmaster	plfsmaster/src/plfsmaster/filesystem.rs	1914	chunktab_used	uint64_t	STATIC	AtomicU64	auto:type-shape
plfsmaster	plfsmaster/src/plfsmaster/filesystem.rs	19268	root_tail	*mut *mut fsedge	UNKNOWN	Option<NonNull<_>> + per-site analysis	auto:type-shape
plfsmaster	plfsmaster/src/plfsmaster/filesystem.rs	19269	root_edgeid	uint64_t	STATIC	AtomicU64	auto:type-shape
plfsmaster	plfsmaster/src/plfsmaster/filesystem.rs	19270	current_tail	*mut *mut fsedge	UNKNOWN	Option<NonNull<_>> + per-site analysis	auto:type-shape
plfsmaster	plfsmaster/src/plfsmaster/filesystem.rs	19271	current_edgeid	uint64_t	STATIC	AtomicU64	auto:type-shape
plfsmaster	plfsmaster/src/plfsmaster/filesystem.rs	19272	current_parent	*mut fsnode	UNKNOWN	Option<NonNull<_>> + per-site analysis	auto:type-shape
plfsmaster	plfsmaster/src/plfsmaster/filesystem.rs	19273	current_parent_id	uint32_t	STATIC	AtomicU32	auto:type-shape
plfsmaster	plfsmaster/src/plfsmaster/filesystem.rs	19274	current_trash_bid	uint32_t	STATIC	AtomicU32	auto:type-shape
plfsmaster	plfsmaster/src/plfsmaster/filesystem.rs	19275	current_sustained_bid	uint32_t	STATIC	AtomicU32	auto:type-shape
plfsmaster	plfsmaster/src/plfsmaster/filesystem.rs	19276	nl	uint8_t	STATIC	AtomicU8	auto:type-shape
plfsmaster	plfsmaster/src/plfsmaster/filesystem.rs	19277	bsize	ssize_t	STATIC	AtomicIsize	auto:type-shape
plfsmaster	plfsmaster/src/plfsmaster/filesystem.rs	20208	nl	uint8_t	STATIC	AtomicU8	auto:type-shape
plfsmaster	plfsmaster/src/plfsmaster/filesystem.rs	3841	keep_alive_ts	uint64_t	STATIC	AtomicU64	auto:type-shape
plfsmaster	plfsmaster/src/plfsmaster/filesystem.rs	3842	keep_alive_cnt	uint32_t	STATIC	AtomicU32	auto:type-shape
plfsmaster	plfsmaster/src/plfsmaster/filesystem.rs	4780	modetoaccmode	[uint8_t; 8]	BUF	Mutex<[…; N]> or thread_local	auto:type-shape
plfsmaster	plfsmaster/src/plfsmaster/filesystem.rs	7	stderr	*mut FILE	UNKNOWN	Option<NonNull<_>> + per-site analysis	auto:type-shape
plfsmaster	plfsmaster/src/plfsmaster/filesystem.rs	916	quotahead	*mut quotanode	UNKNOWN	Option<NonNull<_>> + per-site analysis	auto:type-shape
plfsmaster	plfsmaster/src/plfsmaster/filesystem.rs	917	QuotaDefaultGracePeriod	uint32_t	STATIC	AtomicU32	auto:type-shape
plfsmaster	plfsmaster/src/plfsmaster/filesystem.rs	918	MaxAllowedHardLinks	uint16_t	STATIC	AtomicU16	auto:type-shape
plfsmaster	plfsmaster/src/plfsmaster/filesystem.rs	919	AtimeMode	uint8_t	STATIC	AtomicU8	auto:type-shape
plfsmaster	plfsmaster/src/plfsmaster/filesystem.rs	920	KeepEmptyFilesInTrash	uint8_t	STATIC	AtomicU8	auto:type-shape
plfsmaster	plfsmaster/src/plfsmaster/filesystem.rs	921	InodeReuseDelay	uint32_t	STATIC	AtomicU32	auto:type-shape
plfsmaster	plfsmaster/src/plfsmaster/filesystem.rs	922	freebitmask	*mut uint32_t	UNKNOWN	Option<NonNull<_>> + per-site analysis	auto:type-shape
plfsmaster	plfsmaster/src/plfsmaster/filesystem.rs	923	bitmasksize	uint32_t	STATIC	AtomicU32	auto:type-shape
plfsmaster	plfsmaster/src/plfsmaster/filesystem.rs	924	searchpos	uint32_t	STATIC	AtomicU32	auto:type-shape
plfsmaster	plfsmaster/src/plfsmaster/filesystem.rs	925	freetail	*mut *mut freenode	UNKNOWN	Option<NonNull<_>> + per-site analysis	auto:type-shape
plfsmaster	plfsmaster/src/plfsmaster/filesystem.rs	926	freelist	*mut freenode	UNKNOWN	Option<NonNull<_>> + per-site analysis	auto:type-shape
plfsmaster	plfsmaster/src/plfsmaster/filesystem.rs	927	freelastts	uint32_t	STATIC	AtomicU32	auto:type-shape
plfsmaster	plfsmaster/src/plfsmaster/filesystem.rs	928	trash_bid	uint32_t	STATIC	AtomicU32	auto:type-shape
plfsmaster	plfsmaster/src/plfsmaster/filesystem.rs	929	sustained_bid	uint32_t	STATIC	AtomicU32	auto:type-shape
plfsmaster	plfsmaster/src/plfsmaster/filesystem.rs	930	trash	[*mut fsedge; 4096]	BUF	Mutex<[…; N]> or thread_local	auto:type-shape
plfsmaster	plfsmaster/src/plfsmaster/filesystem.rs	931	sustained	[*mut fsedge; 256]	BUF	Mutex<[…; N]> or thread_local	auto:type-shape
plfsmaster	plfsmaster/src/plfsmaster/filesystem.rs	932	root	*mut fsnode	UNKNOWN	Option<NonNull<_>> + per-site analysis	auto:type-shape
plfsmaster	plfsmaster/src/plfsmaster/filesystem.rs	933	edgehashtab	[*mut *mut fsedge; 128]	BUF	Mutex<[…; N]> or thread_local	auto:type-shape
plfsmaster	plfsmaster/src/plfsmaster/filesystem.rs	934	edgerehashpos	uint32_t	STATIC	AtomicU32	auto:type-shape
plfsmaster	plfsmaster/src/plfsmaster/filesystem.rs	935	edgehashsize	uint32_t	STATIC	AtomicU32	auto:type-shape
plfsmaster	plfsmaster/src/plfsmaster/filesystem.rs	936	edgehashelem	uint32_t	STATIC	AtomicU32	auto:type-shape
plfsmaster	plfsmaster/src/plfsmaster/filesystem.rs	937	nodehashtab	[*mut *mut fsnode; 128]	BUF	Mutex<[…; N]> or thread_local	auto:type-shape
plfsmaster	plfsmaster/src/plfsmaster/filesystem.rs	938	noderehashpos	uint32_t	STATIC	AtomicU32	auto:type-shape
plfsmaster	plfsmaster/src/plfsmaster/filesystem.rs	939	nodehashsize	uint32_t	STATIC	AtomicU32	auto:type-shape
plfsmaster	plfsmaster/src/plfsmaster/filesystem.rs	940	nodehashelem	uint32_t	STATIC	AtomicU32	auto:type-shape
plfsmaster	plfsmaster/src/plfsmaster/filesystem.rs	941	hashelements	uint32_t	STATIC	AtomicU32	auto:type-shape
plfsmaster	plfsmaster/src/plfsmaster/filesystem.rs	942	maxnodeid	uint32_t	STATIC	AtomicU32	auto:type-shape
plfsmaster	plfsmaster/src/plfsmaster/filesystem.rs	943	nodes	uint32_t	STATIC	AtomicU32	auto:type-shape
plfsmaster	plfsmaster/src/plfsmaster/filesystem.rs	944	nextedgeid	uint64_t	STATIC	AtomicU64	auto:type-shape
plfsmaster	plfsmaster/src/plfsmaster/filesystem.rs	945	edgesneedrenumeration	uint8_t	STATIC	AtomicU8	auto:type-shape
plfsmaster	plfsmaster/src/plfsmaster/filesystem.rs	946	trashspace	uint64_t	STATIC	AtomicU64	auto:type-shape
plfsmaster	plfsmaster/src/plfsmaster/filesystem.rs	947	sustainedspace	uint64_t	STATIC	AtomicU64	auto:type-shape
plfsmaster	plfsmaster/src/plfsmaster/filesystem.rs	948	trashnodes	uint32_t	STATIC	AtomicU32	auto:type-shape
plfsmaster	plfsmaster/src/plfsmaster/filesystem.rs	949	sustainednodes	uint32_t	STATIC	AtomicU32	auto:type-shape
plfsmaster	plfsmaster/src/plfsmaster/filesystem.rs	950	filenodes	uint32_t	STATIC	AtomicU32	auto:type-shape
plfsmaster	plfsmaster/src/plfsmaster/filesystem.rs	951	dirnodes	uint32_t	STATIC	AtomicU32	auto:type-shape
plfsmaster	plfsmaster/src/plfsmaster/filesystem.rs	952	edgeid_id_hashtab	*mut uint64_t	UNKNOWN	Option<NonNull<_>> + per-site analysis	auto:type-shape
plfsmaster	plfsmaster/src/plfsmaster/filesystem.rs	953	edgeid_ptr_hashtab	*mut *mut fsedge	UNKNOWN	Option<NonNull<_>> + per-site analysis	auto:type-shape
plfsmaster	plfsmaster/src/plfsmaster/filesystem.rs	954	snapshot_inodehash	*mut ::core::ffi::c_void =	UNKNOWN	Option<NonNull<_>> + per-site analysis	auto:type-shape
plfsmaster	plfsmaster/src/plfsmaster/filesystem.rs	957	fsinfo_files	uint32_t	STATIC	AtomicU32	auto:type-shape
plfsmaster	plfsmaster/src/plfsmaster/filesystem.rs	958	fsinfo_ugfiles	uint32_t	STATIC	AtomicU32	auto:type-shape
plfsmaster	plfsmaster/src/plfsmaster/filesystem.rs	959	fsinfo_mfiles	uint32_t	STATIC	AtomicU32	auto:type-shape
plfsmaster	plfsmaster/src/plfsmaster/filesystem.rs	960	fsinfo_mtfiles	uint32_t	STATIC	AtomicU32	auto:type-shape
plfsmaster	plfsmaster/src/plfsmaster/filesystem.rs	961	fsinfo_msfiles	uint32_t	STATIC	AtomicU32	auto:type-shape
plfsmaster	plfsmaster/src/plfsmaster/filesystem.rs	962	fsinfo_chunks	uint32_t	STATIC	AtomicU32	auto:type-shape
plfsmaster	plfsmaster/src/plfsmaster/filesystem.rs	963	fsinfo_ugchunks	uint32_t	STATIC	AtomicU32	auto:type-shape
plfsmaster	plfsmaster/src/plfsmaster/filesystem.rs	964	fsinfo_mchunks	uint32_t	STATIC	AtomicU32	auto:type-shape
plfsmaster	plfsmaster/src/plfsmaster/filesystem.rs	965	fsinfo_msgbuff	*mut ::core::ffi::c_char =	UNKNOWN	Option<NonNull<_>> + per-site analysis	auto:type-shape
plfsmaster	plfsmaster/src/plfsmaster/filesystem.rs	967	fsinfo_msgbuffleng	uint32_t	STATIC	AtomicU32	auto:type-shape
plfsmaster	plfsmaster/src/plfsmaster/filesystem.rs	968	fsinfo_loopstart	uint32_t	STATIC	AtomicU32	auto:type-shape
plfsmaster	plfsmaster/src/plfsmaster/filesystem.rs	969	fsinfo_loopend	uint32_t	STATIC	AtomicU32	auto:type-shape
plfsmaster	plfsmaster/src/plfsmaster/filesystem.rs	970	stats_statfs	uint32_t	STATIC	AtomicU32	auto:type-shape
plfsmaster	plfsmaster/src/plfsmaster/filesystem.rs	971	stats_getattr	uint32_t	STATIC	AtomicU32	auto:type-shape
plfsmaster	plfsmaster/src/plfsmaster/filesystem.rs	972	stats_setattr	uint32_t	STATIC	AtomicU32	auto:type-shape
plfsmaster	plfsmaster/src/plfsmaster/filesystem.rs	973	stats_lookup	uint32_t	STATIC	AtomicU32	auto:type-shape
plfsmaster	plfsmaster/src/plfsmaster/filesystem.rs	974	stats_mkdir	uint32_t	STATIC	AtomicU32	auto:type-shape
plfsmaster	plfsmaster/src/plfsmaster/filesystem.rs	975	stats_rmdir	uint32_t	STATIC	AtomicU32	auto:type-shape
plfsmaster	plfsmaster/src/plfsmaster/filesystem.rs	976	stats_symlink	uint32_t	STATIC	AtomicU32	auto:type-shape
plfsmaster	plfsmaster/src/plfsmaster/filesystem.rs	977	stats_readlink	uint32_t	STATIC	AtomicU32	auto:type-shape
plfsmaster	plfsmaster/src/plfsmaster/filesystem.rs	978	stats_mknod	uint32_t	STATIC	AtomicU32	auto:type-shape
plfsmaster	plfsmaster/src/plfsmaster/filesystem.rs	979	stats_unlink	uint32_t	STATIC	AtomicU32	auto:type-shape
plfsmaster	plfsmaster/src/plfsmaster/filesystem.rs	980	stats_rename	uint32_t	STATIC	AtomicU32	auto:type-shape
plfsmaster	plfsmaster/src/plfsmaster/filesystem.rs	981	stats_link	uint32_t	STATIC	AtomicU32	auto:type-shape
plfsmaster	plfsmaster/src/plfsmaster/filesystem.rs	982	stats_readdir	uint32_t	STATIC	AtomicU32	auto:type-shape
plfsmaster	plfsmaster/src/plfsmaster/filesystem.rs	983	stats_open	uint32_t	STATIC	AtomicU32	auto:type-shape
plfsmaster	plfsmaster/src/plfsmaster/filesystem.rs	984	stats_readchunk	uint32_t	STATIC	AtomicU32	auto:type-shape
plfsmaster	plfsmaster/src/plfsmaster/filesystem.rs	985	stats_writechunk	uint32_t	STATIC	AtomicU32	auto:type-shape
plfsmaster	plfsmaster/src/plfsmaster/filesystem.rs	986	stats_snapshot	uint32_t	STATIC	AtomicU32	auto:type-shape
plfsmaster	plfsmaster/src/plfsmaster/filesystem.rs	987	stats_truncate	uint32_t	STATIC	AtomicU32	auto:type-shape
plfsmaster	plfsmaster/src/plfsmaster/filesystem.rs	988	stats_getxattr	uint32_t	STATIC	AtomicU32	auto:type-shape
plfsmaster	plfsmaster/src/plfsmaster/filesystem.rs	989	stats_setxattr	uint32_t	STATIC	AtomicU32	auto:type-shape
plfsmaster	plfsmaster/src/plfsmaster/filesystem.rs	990	stats_getfacl	uint32_t	STATIC	AtomicU32	auto:type-shape
plfsmaster	plfsmaster/src/plfsmaster/filesystem.rs	991	stats_setfacl	uint32_t	STATIC	AtomicU32	auto:type-shape
plfsmaster	plfsmaster/src/plfsmaster/filesystem.rs	992	stats_create	uint32_t	STATIC	AtomicU32	auto:type-shape
plfsmaster	plfsmaster/src/plfsmaster/filesystem.rs	993	stats_meta	uint32_t	STATIC	AtomicU32	auto:type-shape
plfsmaster	plfsmaster/src/plfsmaster/flocklocks.rs	233	inodehash	*mut *mut inodelocks	UNKNOWN	Option<NonNull<_>> + per-site analysis	auto:type-shape
plfsmaster	plfsmaster/src/plfsmaster/flocklocks.rs	234	FlocksMode	uint8_t	STATIC	AtomicU8	auto:type-shape
plfsmaster	plfsmaster/src/plfsmaster/flocklocks.rs	235	DebugInfo	uint8_t	STATIC	AtomicU8	auto:type-shape
plfsmaster	plfsmaster/src/plfsmaster/flocklocks.rs	7	stderr	*mut FILE	UNKNOWN	Option<NonNull<_>> + per-site analysis	auto:type-shape
plfsmaster	plfsmaster/src/plfsmaster/iptosesid.rs	10	stderr	*mut FILE	UNKNOWN	Option<NonNull<_>> + per-site analysis	auto:type-shape
plfsmaster	plfsmaster/src/plfsmaster/iptosesid.rs	83	head	*mut iptosesid	UNKNOWN	Option<NonNull<_>> + per-site analysis	auto:type-shape
plfsmaster	plfsmaster/src/plfsmaster/itree.rs	9	stderr	*mut FILE	UNKNOWN	Option<NonNull<_>> + per-site analysis	auto:type-shape
plfsmaster	plfsmaster/src/plfsmaster/matoclserv.rs	16338	readbuff	*mut uint8_t	UNKNOWN	Option<NonNull<_>> + per-site analysis	auto:type-shape
plfsmaster	plfsmaster/src/plfsmaster/matoclserv.rs	16339	readbuffsize	uint32_t	STATIC	AtomicU32	auto:type-shape
plfsmaster	plfsmaster/src/plfsmaster/matoclserv.rs	16808	lastaction	::core::ffi::c_double	BUF	Mutex<::core::ffi::c_double> or thread_local	auto:type-shape
plfsmaster	plfsmaster/src/plfsmaster/matoclserv.rs	1821	matoclservhead	*mut matoclserventry	UNKNOWN	Option<NonNull<_>> + per-site analysis	auto:type-shape
plfsmaster	plfsmaster/src/plfsmaster/matoclserv.rs	1822	lsock	::core::ffi::c_int	BUF	Mutex<::core::ffi::c_int> or thread_local	auto:type-shape
plfsmaster	plfsmaster/src/plfsmaster/matoclserv.rs	1823	lsockpdescpos	int32_t	STATIC	AtomicI32	auto:type-shape
plfsmaster	plfsmaster/src/plfsmaster/matoclserv.rs	1824	master_processid	uint64_t	STATIC	AtomicU64	auto:type-shape
plfsmaster	plfsmaster/src/plfsmaster/matoclserv.rs	1827	lwchunkshashhead	[*mut lwchunks; 256]	BUF	Mutex<[…; N]> or thread_local	auto:type-shape
plfsmaster	plfsmaster/src/plfsmaster/matoclserv.rs	1828	lwchunkshashtail	[*mut *mut lwchunks; 256] =	BUF	Mutex<[…; N]> or thread_local	auto:type-shape
plfsmaster	plfsmaster/src/plfsmaster/matoclserv.rs	1830	swchunkshash	[*mut swchunks; 256]	BUF	Mutex<[…; N]> or thread_local	auto:type-shape
plfsmaster	plfsmaster/src/plfsmaster/matoclserv.rs	1831	ListenHost	*mut ::core::ffi::c_char	UNKNOWN	Option<NonNull<_>> + per-site analysis	auto:type-shape
plfsmaster	plfsmaster/src/plfsmaster/matoclserv.rs	1832	ListenPort	*mut ::core::ffi::c_char	UNKNOWN	Option<NonNull<_>> + per-site analysis	auto:type-shape
plfsmaster	plfsmaster/src/plfsmaster/matoclserv.rs	1833	listenip	uint32_t	STATIC	AtomicU32	auto:type-shape
plfsmaster	plfsmaster/src/plfsmaster/matoclserv.rs	1834	listenport	uint16_t	STATIC	AtomicU16	auto:type-shape
plfsmaster	plfsmaster/src/plfsmaster/matoclserv.rs	1835	CreateFirstChunk	uint8_t	STATIC	AtomicU8	auto:type-shape
plfsmaster	plfsmaster/src/plfsmaster/matoclserv.rs	1836	DefaultTimeout	uint32_t	STATIC	AtomicU32	auto:type-shape
plfsmaster	plfsmaster/src/plfsmaster/matoclserv.rs	1837	ForceTimeout	uint32_t	STATIC	AtomicU32	auto:type-shape
plfsmaster	plfsmaster/src/plfsmaster/matoclserv.rs	1838	RestrictIncompatibleClientVersions	uint8_t	STATIC	AtomicU8	auto:type-shape
plfsmaster	plfsmaster/src/plfsmaster/matoclserv.rs	1839	InstanceName	*mut ::core::ffi::c_char	UNKNOWN	Option<NonNull<_>> + per-site analysis	auto:type-shape
plfsmaster	plfsmaster/src/plfsmaster/matoclserv.rs	1840	InstanceNameLeng	uint32_t	STATIC	AtomicU32	auto:type-shape
plfsmaster	plfsmaster/src/plfsmaster/matoclserv.rs	1841	stats_prcvd	uint32_t	STATIC	AtomicU32	auto:type-shape
plfsmaster	plfsmaster/src/plfsmaster/matoclserv.rs	1842	stats_psent	uint32_t	STATIC	AtomicU32	auto:type-shape
plfsmaster	plfsmaster/src/plfsmaster/matoclserv.rs	1843	stats_brcvd	uint64_t	STATIC	AtomicU64	auto:type-shape
plfsmaster	plfsmaster/src/plfsmaster/matoclserv.rs	1844	stats_bsent	uint64_t	STATIC	AtomicU64	auto:type-shape
plfsmaster	plfsmaster/src/plfsmaster/matoclserv.rs	1845	stats_mounts_bread	uint64_t	STATIC	AtomicU64	auto:type-shape
plfsmaster	plfsmaster/src/plfsmaster/matoclserv.rs	1846	stats_mounts_bwrite	uint64_t	STATIC	AtomicU64	auto:type-shape
plfsmaster	plfsmaster/src/plfsmaster/matoclserv.rs	1847	stats_mounts_rcnt	uint32_t	STATIC	AtomicU32	auto:type-shape
plfsmaster	plfsmaster/src/plfsmaster/matoclserv.rs	1848	stats_mounts_wcnt	uint32_t	STATIC	AtomicU32	auto:type-shape
plfsmaster	plfsmaster/src/plfsmaster/matoclserv.rs	1849	stats_mounts_fcnt	uint32_t	STATIC	AtomicU32	auto:type-shape
plfsmaster	plfsmaster/src/plfsmaster/matoclserv.rs	1850	stats_mounts_brcvd	uint64_t	STATIC	AtomicU64	auto:type-shape
plfsmaster	plfsmaster/src/plfsmaster/matoclserv.rs	1851	stats_mounts_bsent	uint64_t	STATIC	AtomicU64	auto:type-shape
plfsmaster	plfsmaster/src/plfsmaster/matoclserv.rs	1852	stats_lcnt	uint32_t	STATIC	AtomicU32	auto:type-shape
plfsmaster	plfsmaster/src/plfsmaster/matoclserv.rs	3772	vstring	[::core::ffi::c_char; 9]	BUF	Mutex<[…; N]> or thread_local	auto:type-shape
plfsmaster	plfsmaster/src/plfsmaster/matoclserv.rs	4160	inodetab	*mut uint32_t	UNKNOWN	Option<NonNull<_>> + per-site analysis	auto:type-shape
plfsmaster	plfsmaster/src/plfsmaster/matoclserv.rs	4161	psizetab	*mut uint32_t	UNKNOWN	Option<NonNull<_>> + per-site analysis	auto:type-shape
plfsmaster	plfsmaster/src/plfsmaster/matoclserv.rs	4162	tabsleng	uint32_t	STATIC	AtomicU32	auto:type-shape
plfsmaster	plfsmaster/src/plfsmaster/matoclserv.rs	6	stderr	*mut FILE	UNKNOWN	Option<NonNull<_>> + per-site analysis	auto:type-shape
plfsmaster	plfsmaster/src/plfsmaster/matoclserv.rs	6788	inodetab	*mut uint32_t	UNKNOWN	Option<NonNull<_>> + per-site analysis	auto:type-shape
plfsmaster	plfsmaster/src/plfsmaster/matoclserv.rs	6789	inodetabsize	uint32_t	STATIC	AtomicU32	auto:type-shape
plfsmaster	plfsmaster/src/plfsmaster/matoclserv.rs	6891	inodetab	*mut uint32_t	UNKNOWN	Option<NonNull<_>> + per-site analysis	auto:type-shape
plfsmaster	plfsmaster/src/plfsmaster/matoclserv.rs	6892	atimetab	*mut uint32_t	UNKNOWN	Option<NonNull<_>> + per-site analysis	auto:type-shape
plfsmaster	plfsmaster/src/plfsmaster/matoclserv.rs	6893	mtimetab	*mut uint32_t	UNKNOWN	Option<NonNull<_>> + per-site analysis	auto:type-shape
plfsmaster	plfsmaster/src/plfsmaster/matoclserv.rs	6894	tabsizes	uint32_t	STATIC	AtomicU32	auto:type-shape
plfsmaster	plfsmaster/src/plfsmaster/matoclserv.rs	7226	gid	*mut uint32_t	UNKNOWN	Option<NonNull<_>> + per-site analysis	auto:type-shape
plfsmaster	plfsmaster/src/plfsmaster/matoclserv.rs	7227	gidleng	uint32_t	STATIC	AtomicU32	auto:type-shape
plfsmaster	plfsmaster/src/plfsmaster/matocsserv.rs	1525	replreasons	[*const ::core::ffi::c_char; 17]	BUF	Mutex<[…; N]> or thread_local	auto:type-shape
plfsmaster	plfsmaster/src/plfsmaster/matocsserv.rs	1544	opreasons	[*const ::core::ffi::c_char; 4]	BUF	Mutex<[…; N]> or thread_local	auto:type-shape
plfsmaster	plfsmaster/src/plfsmaster/matocsserv.rs	1550	matocsservhead	*mut matocsserventry	UNKNOWN	Option<NonNull<_>> + per-site analysis	auto:type-shape
plfsmaster	plfsmaster/src/plfsmaster/matocsserv.rs	1551	lsock	::core::ffi::c_int	BUF	Mutex<::core::ffi::c_int> or thread_local	auto:type-shape
plfsmaster	plfsmaster/src/plfsmaster/matocsserv.rs	1552	lsockpdescpos	int32_t	STATIC	AtomicI32	auto:type-shape
plfsmaster	plfsmaster/src/plfsmaster/matocsserv.rs	1553	receivingchunks	uint8_t	STATIC	AtomicU8	auto:type-shape
plfsmaster	plfsmaster/src/plfsmaster/matocsserv.rs	1554	gusagediff	uint32_t	STATIC	AtomicU32	auto:type-shape
plfsmaster	plfsmaster/src/plfsmaster/matocsserv.rs	1555	gtotalspace	uint64_t	STATIC	AtomicU64	auto:type-shape
plfsmaster	plfsmaster/src/plfsmaster/matocsserv.rs	1556	gusedspace	uint64_t	STATIC	AtomicU64	auto:type-shape
plfsmaster	plfsmaster/src/plfsmaster/matocsserv.rs	1557	gavailspace	uint64_t	STATIC	AtomicU64	auto:type-shape
plfsmaster	plfsmaster/src/plfsmaster/matocsserv.rs	1558	gfreespace	uint64_t	STATIC	AtomicU64	auto:type-shape
plfsmaster	plfsmaster/src/plfsmaster/matocsserv.rs	1559	valid_servers_count	uint16_t	STATIC	AtomicU16	auto:type-shape
plfsmaster	plfsmaster/src/plfsmaster/matocsserv.rs	1560	almostfull_servers_count	uint16_t	STATIC	AtomicU16	auto:type-shape
plfsmaster	plfsmaster/src/plfsmaster/matocsserv.rs	1561	replallowed_servers_count	uint16_t	STATIC	AtomicU16	auto:type-shape
plfsmaster	plfsmaster/src/plfsmaster/matocsserv.rs	1562	ListenHost	*mut ::core::ffi::c_char	UNKNOWN	Option<NonNull<_>> + per-site analysis	auto:type-shape
plfsmaster	plfsmaster/src/plfsmaster/matocsserv.rs	1563	ListenPort	*mut ::core::ffi::c_char	UNKNOWN	Option<NonNull<_>> + per-site analysis	auto:type-shape
plfsmaster	plfsmaster/src/plfsmaster/matocsserv.rs	1564	listenip	uint32_t	STATIC	AtomicU32	auto:type-shape
plfsmaster	plfsmaster/src/plfsmaster/matocsserv.rs	1565	listenport	uint16_t	STATIC	AtomicU16	auto:type-shape
plfsmaster	plfsmaster/src/plfsmaster/matocsserv.rs	1566	DefaultTimeout	uint32_t	STATIC	AtomicU32	auto:type-shape
plfsmaster	plfsmaster/src/plfsmaster/matocsserv.rs	1567	ForceTimeout	uint32_t	STATIC	AtomicU32	auto:type-shape
plfsmaster	plfsmaster/src/plfsmaster/matocsserv.rs	1568	AuthCode	*mut ::core::ffi::c_char	UNKNOWN	Option<NonNull<_>> + per-site analysis	auto:type-shape
plfsmaster	plfsmaster/src/plfsmaster/matocsserv.rs	1569	RemapMask	uint32_t	STATIC	AtomicU32	auto:type-shape
plfsmaster	plfsmaster/src/plfsmaster/matocsserv.rs	1570	RemapSrc	uint32_t	STATIC	AtomicU32	auto:type-shape
plfsmaster	plfsmaster/src/plfsmaster/matocsserv.rs	1571	RemapDst	uint32_t	STATIC	AtomicU32	auto:type-shape
plfsmaster	plfsmaster/src/plfsmaster/matocsserv.rs	1572	ReserveSpaceValue	::core::ffi::c_double	BUF	Mutex<::core::ffi::c_double> or thread_local	auto:type-shape
plfsmaster	plfsmaster/src/plfsmaster/matocsserv.rs	1573	ReserveSpaceMode	uint8_t	STATIC	AtomicU8	auto:type-shape
plfsmaster	plfsmaster/src/plfsmaster/matocsserv.rs	1574	ChunkServerCheck	uint8_t	STATIC	AtomicU8	auto:type-shape
plfsmaster	plfsmaster/src/plfsmaster/matocsserv.rs	1577	optype_str	[*const ::core::ffi::c_char; 6]	BUF	Mutex<[…; N]> or thread_local	auto:type-shape
plfsmaster	plfsmaster/src/plfsmaster/matocsserv.rs	1585	ophash	[*mut opsrv; 256]	BUF	Mutex<[…; N]> or thread_local	auto:type-shape
plfsmaster	plfsmaster/src/plfsmaster/matocsserv.rs	1586	opsrvfreehead	*mut opsrv	UNKNOWN	Option<NonNull<_>> + per-site analysis	auto:type-shape
plfsmaster	plfsmaster/src/plfsmaster/matocsserv.rs	1818	reptype_str	[*const ::core::ffi::c_char; 5]	BUF	Mutex<[…; N]> or thread_local	auto:type-shape
plfsmaster	plfsmaster/src/plfsmaster/matocsserv.rs	1825	rephash	[*mut repdst; 256]	BUF	Mutex<[…; N]> or thread_local	auto:type-shape
plfsmaster	plfsmaster/src/plfsmaster/matocsserv.rs	1826	repsrcfreehead	*mut repsrc	UNKNOWN	Option<NonNull<_>> + per-site analysis	auto:type-shape
plfsmaster	plfsmaster/src/plfsmaster/matocsserv.rs	1827	repdstfreehead	*mut repdst	UNKNOWN	Option<NonNull<_>> + per-site analysis	auto:type-shape
plfsmaster	plfsmaster/src/plfsmaster/matocsserv.rs	2607	servtab	[servsort; 10000]	BUF	Mutex<[…; N]> or thread_local	auto:type-shape
plfsmaster	plfsmaster/src/plfsmaster/matocsserv.rs	2681	servtab	[rservsort; 10000]	BUF	Mutex<[…; N]> or thread_local	auto:type-shape
plfsmaster	plfsmaster/src/plfsmaster/matocsserv.rs	2743	fcnt	uint32_t	STATIC	AtomicU32	auto:type-shape
plfsmaster	plfsmaster/src/plfsmaster/matocsserv.rs	2993	servtab	*mut *mut matocsserventry =	UNKNOWN	Option<NonNull<_>> + per-site analysis	auto:type-shape
plfsmaster	plfsmaster/src/plfsmaster/matocsserv.rs	3879	empty	*mut ::core::ffi::c_char =	UNKNOWN	Option<NonNull<_>> + per-site analysis	auto:type-shape
plfsmaster	plfsmaster/src/plfsmaster/matocsserv.rs	5849	vstring	[::core::ffi::c_char; 9]	BUF	Mutex<[…; N]> or thread_local	auto:type-shape
plfsmaster	plfsmaster/src/plfsmaster/matocsserv.rs	7	stderr	*mut FILE	UNKNOWN	Option<NonNull<_>> + per-site analysis	auto:type-shape
plfsmaster	plfsmaster/src/plfsmaster/matocsserv.rs	7574	readbuff	*mut uint8_t	UNKNOWN	Option<NonNull<_>> + per-site analysis	auto:type-shape
plfsmaster	plfsmaster/src/plfsmaster/matocsserv.rs	7575	readbuffsize	uint32_t	STATIC	AtomicU32	auto:type-shape
plfsmaster	plfsmaster/src/plfsmaster/matocsserv.rs	8073	lastaction	::core::ffi::c_double	BUF	Mutex<::core::ffi::c_double> or thread_local	auto:type-shape
plfsmaster	plfsmaster/src/plfsmaster/matocsserv.rs	837	errtab	[*const ::core::ffi::c_char; 65]	BUF	Mutex<[…; N]> or thread_local	auto:type-shape
plfsmaster	plfsmaster/src/plfsmaster/matocsserv.rs	911	bitcount_tab	[uint8_t; 256]	BUF	Mutex<[…; N]> or thread_local	auto:type-shape
plfsmaster	plfsmaster/src/plfsmaster/matomlserv.rs	1647	readbuff	*mut uint8_t	UNKNOWN	Option<NonNull<_>> + per-site analysis	auto:type-shape
plfsmaster	plfsmaster/src/plfsmaster/matomlserv.rs	1648	readbuffsize	uint32_t	STATIC	AtomicU32	auto:type-shape
plfsmaster	plfsmaster/src/plfsmaster/matomlserv.rs	2120	lastaction	::core::ffi::c_double	BUF	Mutex<::core::ffi::c_double> or thread_local	auto:type-shape
plfsmaster	plfsmaster/src/plfsmaster/matomlserv.rs	33	stderr	*mut FILE	UNKNOWN	Option<NonNull<_>> + per-site analysis	auto:type-shape
plfsmaster	plfsmaster/src/plfsmaster/matomlserv.rs	431	matomlservhead	*mut matomlserventry	UNKNOWN	Option<NonNull<_>> + per-site analysis	auto:type-shape
plfsmaster	plfsmaster/src/plfsmaster/matomlserv.rs	432	lsock	::core::ffi::c_int	BUF	Mutex<::core::ffi::c_int> or thread_local	auto:type-shape
plfsmaster	plfsmaster/src/plfsmaster/matomlserv.rs	433	lsockpdescpos	int32_t	STATIC	AtomicI32	auto:type-shape
plfsmaster	plfsmaster/src/plfsmaster/matomlserv.rs	434	ListenHost	*mut ::core::ffi::c_char	UNKNOWN	Option<NonNull<_>> + per-site analysis	auto:type-shape
plfsmaster	plfsmaster/src/plfsmaster/matomlserv.rs	435	ListenPort	*mut ::core::ffi::c_char	UNKNOWN	Option<NonNull<_>> + per-site analysis	auto:type-shape
plfsmaster	plfsmaster/src/plfsmaster/matomlserv.rs	436	listenip	uint32_t	STATIC	AtomicU32	auto:type-shape
plfsmaster	plfsmaster/src/plfsmaster/matomlserv.rs	437	listenport	uint16_t	STATIC	AtomicU16	auto:type-shape
plfsmaster	plfsmaster/src/plfsmaster/matomlserv.rs	438	DefaultTimeout	uint32_t	STATIC	AtomicU32	auto:type-shape
plfsmaster	plfsmaster/src/plfsmaster/matomlserv.rs	439	ForceTimeout	uint32_t	STATIC	AtomicU32	auto:type-shape
plfsmaster	plfsmaster/src/plfsmaster/matomlserv.rs	440	BackMetaCopies	uint32_t	STATIC	AtomicU32	auto:type-shape
plfsmaster	plfsmaster/src/plfsmaster/matomlserv.rs	647	vstring	[::core::ffi::c_char; 9]	BUF	Mutex<[…; N]> or thread_local	auto:type-shape
plfsmaster	plfsmaster/src/plfsmaster/merger.rs	121	heap	*mut hentry	UNKNOWN	Option<NonNull<_>> + per-site analysis	auto:type-shape
plfsmaster	plfsmaster/src/plfsmaster/merger.rs	122	heapsize	uint32_t	STATIC	AtomicU32	auto:type-shape
plfsmaster	plfsmaster/src/plfsmaster/merger.rs	123	maxidhole	int64_t	STATIC	AtomicI64	auto:type-shape
plfsmaster	plfsmaster/src/plfsmaster/merger.rs	124	lastlv	uint64_t	STATIC	AtomicU64	auto:type-shape
plfsmaster	plfsmaster/src/plfsmaster/merger.rs	125	firstlv	uint64_t	STATIC	AtomicU64	auto:type-shape
plfsmaster	plfsmaster/src/plfsmaster/merger.rs	13	stdout	*mut FILE	UNKNOWN	Option<NonNull<_>> + per-site analysis	auto:type-shape
plfsmaster	plfsmaster/src/plfsmaster/metadata.rs	1950	meta_emergency_locations	[*const ::core::ffi::c_char; 9]	BUF	Mutex<[…; N]> or thread_local	auto:type-shape
plfsmaster	plfsmaster/src/plfsmaster/metadata.rs	1999	storestarttime	::core::ffi::c_double	BUF	Mutex<::core::ffi::c_double> or thread_local	auto:type-shape
plfsmaster	plfsmaster/src/plfsmaster/metadata.rs	2521	last_store_htime	uint32_t	STATIC	AtomicU32	auto:type-shape
plfsmaster	plfsmaster/src/plfsmaster/metadata.rs	491	metaversion	uint64_t	STATIC	AtomicU64	auto:type-shape
plfsmaster	plfsmaster/src/plfsmaster/metadata.rs	492	metaid	uint64_t	STATIC	AtomicU64	auto:type-shape
plfsmaster	plfsmaster/src/plfsmaster/metadata.rs	493	ignoreflag	uint8_t	STATIC	AtomicU8	auto:type-shape
plfsmaster	plfsmaster/src/plfsmaster/metadata.rs	494	allowautorestore	uint8_t	STATIC	AtomicU8	auto:type-shape
plfsmaster	plfsmaster/src/plfsmaster/metadata.rs	495	emptystart	uint8_t	STATIC	AtomicU8	auto:type-shape
plfsmaster	plfsmaster/src/plfsmaster/metadata.rs	496	verboselevel	uint8_t	STATIC	AtomicU8	auto:type-shape
plfsmaster	plfsmaster/src/plfsmaster/metadata.rs	497	lastsuccessfulstore	uint32_t	STATIC	AtomicU32	auto:type-shape
plfsmaster	plfsmaster/src/plfsmaster/metadata.rs	498	laststoretime	::core::ffi::c_double	BUF	Mutex<::core::ffi::c_double> or thread_local	auto:type-shape
plfsmaster	plfsmaster/src/plfsmaster/metadata.rs	499	laststorestatus	uint8_t	STATIC	AtomicU8	auto:type-shape
plfsmaster	plfsmaster/src/plfsmaster/metadata.rs	500	laststoremetaversion	uint64_t	STATIC	AtomicU64	auto:type-shape
plfsmaster	plfsmaster/src/plfsmaster/metadata.rs	501	laststorechecksum	uint32_t	STATIC	AtomicU32	auto:type-shape
plfsmaster	plfsmaster/src/plfsmaster/metadata.rs	502	BackMetaCopies	uint32_t	STATIC	AtomicU32	auto:type-shape
plfsmaster	plfsmaster/src/plfsmaster/metadata.rs	503	MetaSaveFreq	uint32_t	STATIC	AtomicU32	auto:type-shape
plfsmaster	plfsmaster/src/plfsmaster/metadata.rs	504	MetaCheckFreq	uint32_t	STATIC	AtomicU32	auto:type-shape
plfsmaster	plfsmaster/src/plfsmaster/metadata.rs	505	MetaDownloadFreq	uint32_t	STATIC	AtomicU32	auto:type-shape
plfsmaster	plfsmaster/src/plfsmaster/metadata.rs	506	MetaSaveOffset	uint32_t	STATIC	AtomicU32	auto:type-shape
plfsmaster	plfsmaster/src/plfsmaster/metadata.rs	507	MetaSaveOffsetLocal	uint8_t	STATIC	AtomicU8	auto:type-shape
plfsmaster	plfsmaster/src/plfsmaster/metadata.rs	508	metasaverpid	pid_t	STATIC	AtomicI32	auto:type-shape
plfsmaster	plfsmaster/src/plfsmaster/metadata.rs	509	metasavermode	uint8_t	STATIC	AtomicU8	auto:type-shape
plfsmaster	plfsmaster/src/plfsmaster/metadata.rs	510	metasaverkilled	::core::ffi::c_int	BUF	Mutex<::core::ffi::c_int> or thread_local	auto:type-shape
plfsmaster	plfsmaster/src/plfsmaster/metadata.rs	511	chlog_keep_head	*mut chlog_keep	UNKNOWN	Option<NonNull<_>> + per-site analysis	auto:type-shape
plfsmaster	plfsmaster/src/plfsmaster/metadata.rs	8	stderr	*mut FILE	UNKNOWN	Option<NonNull<_>> + per-site analysis	auto:type-shape
plfsmaster	plfsmaster/src/plfsmaster/missinglog.rs	74	mloghash	*mut mlogentry	UNKNOWN	Option<NonNull<_>> + per-site analysis	auto:type-shape
plfsmaster	plfsmaster/src/plfsmaster/missinglog.rs	75	mloghashprev	*mut mlogentry	UNKNOWN	Option<NonNull<_>> + per-site analysis	auto:type-shape
plfsmaster	plfsmaster/src/plfsmaster/missinglog.rs	76	mloghashsize	uint32_t	STATIC	AtomicU32	auto:type-shape
plfsmaster	plfsmaster/src/plfsmaster/missinglog.rs	77	mloghashprevsize	uint32_t	STATIC	AtomicU32	auto:type-shape
plfsmaster	plfsmaster/src/plfsmaster/missinglog.rs	78	mloghashelements	uint32_t	STATIC	AtomicU32	auto:type-shape
plfsmaster	plfsmaster/src/plfsmaster/missinglog.rs	79	mloghashprevelements	uint32_t	STATIC	AtomicU32	auto:type-shape
plfsmaster	plfsmaster/src/plfsmaster/missinglog.rs	80	mloghashcapacity	uint32_t	STATIC	AtomicU32	auto:type-shape
plfsmaster	plfsmaster/src/plfsmaster/missinglog.rs	81	blocked	uint8_t	STATIC	AtomicU8	auto:type-shape
plfsmaster	plfsmaster/src/plfsmaster/multilan.rs	9	stderr	*mut FILE	UNKNOWN	Option<NonNull<_>> + per-site analysis	auto:type-shape
plfsmaster	plfsmaster/src/plfsmaster/multilan.rs	93	MultiLanMask	uint32_t	STATIC	AtomicU32	auto:type-shape
plfsmaster	plfsmaster/src/plfsmaster/multilan.rs	94	MultiLanClasses	uint32_t	STATIC	AtomicU32	auto:type-shape
plfsmaster	plfsmaster/src/plfsmaster/multilan.rs	95	MultiLanClassTab	*mut uint32_t	UNKNOWN	Option<NonNull<_>> + per-site analysis	auto:type-shape
plfsmaster	plfsmaster/src/plfsmaster/openfiles.rs	147	sessionhash	[*mut ofrelation; 4096]	BUF	Mutex<[…; N]> or thread_local	auto:type-shape
plfsmaster	plfsmaster/src/plfsmaster/openfiles.rs	148	inodehash	[*mut ofrelation; 65536]	BUF	Mutex<[…; N]> or thread_local	auto:type-shape
plfsmaster	plfsmaster/src/plfsmaster/openfiles.rs	255	bitmask	*mut uint32_t	UNKNOWN	Option<NonNull<_>> + per-site analysis	auto:type-shape
plfsmaster	plfsmaster/src/plfsmaster/openfiles.rs	256	bitmasksize	uint32_t	STATIC	AtomicU32	auto:type-shape
plfsmaster	plfsmaster/src/plfsmaster/openfiles.rs	28	stderr	*mut FILE	UNKNOWN	Option<NonNull<_>> + per-site analysis	auto:type-shape
plfsmaster	plfsmaster/src/plfsmaster/patterns.rs	212	patterntab	[pattern; 1024]	BUF	Mutex<[…; N]> or thread_local	auto:type-shape
plfsmaster	plfsmaster/src/plfsmaster/patterns.rs	227	validpatterns	uint32_t	STATIC	AtomicU32	auto:type-shape
plfsmaster	plfsmaster/src/plfsmaster/patterns.rs	35	stderr	*mut FILE	UNKNOWN	Option<NonNull<_>> + per-site analysis	auto:type-shape
plfsmaster	plfsmaster/src/plfsmaster/posixacl.rs	10	stderr	*mut FILE	UNKNOWN	Option<NonNull<_>> + per-site analysis	auto:type-shape
plfsmaster	plfsmaster/src/plfsmaster/posixacl.rs	244	paclhashtab	[*mut *mut acl_node; 2048] =	BUF	Mutex<[…; N]> or thread_local	auto:type-shape
plfsmaster	plfsmaster/src/plfsmaster/posixacl.rs	246	paclrehashpos	uint32_t	STATIC	AtomicU32	auto:type-shape
plfsmaster	plfsmaster/src/plfsmaster/posixacl.rs	247	paclhashsize	uint32_t	STATIC	AtomicU32	auto:type-shape
plfsmaster	plfsmaster/src/plfsmaster/posixacl.rs	248	paclhashelem	uint32_t	STATIC	AtomicU32	auto:type-shape
plfsmaster	plfsmaster/src/plfsmaster/posixacl.rs	738	modetoaccmode	[uint8_t; 8]	BUF	Mutex<[…; N]> or thread_local	auto:type-shape
plfsmaster	plfsmaster/src/plfsmaster/posixlocks.rs	240	inodehash	*mut *mut inodelocks	UNKNOWN	Option<NonNull<_>> + per-site analysis	auto:type-shape
plfsmaster	plfsmaster/src/plfsmaster/posixlocks.rs	241	DebugInfo	uint8_t	STATIC	AtomicU8	auto:type-shape
plfsmaster	plfsmaster/src/plfsmaster/posixlocks.rs	7	stderr	*mut FILE	UNKNOWN	Option<NonNull<_>> + per-site analysis	auto:type-shape
plfsmaster	plfsmaster/src/plfsmaster/restore.rs	11756	path	*mut uint8_t	UNKNOWN	Option<NonNull<_>> + per-site analysis	auto:type-shape
plfsmaster	plfsmaster/src/plfsmaster/restore.rs	11757	pathsize	uint32_t	STATIC	AtomicU32	auto:type-shape
plfsmaster	plfsmaster/src/plfsmaster/restore.rs	11758	created_path	*mut uint8_t	UNKNOWN	Option<NonNull<_>> + per-site analysis	auto:type-shape
plfsmaster	plfsmaster/src/plfsmaster/restore.rs	11759	created_pathsize	uint32_t	STATIC	AtomicU32	auto:type-shape
plfsmaster	plfsmaster/src/plfsmaster/restore.rs	13956	v	uint64_t	STATIC	AtomicU64	auto:type-shape
plfsmaster	plfsmaster/src/plfsmaster/restore.rs	13957	lastv	uint64_t	STATIC	AtomicU64	auto:type-shape
plfsmaster	plfsmaster/src/plfsmaster/restore.rs	13958	lastshfn	*mut ::core::ffi::c_void	UNKNOWN	Option<NonNull<_>> + per-site analysis	auto:type-shape
plfsmaster	plfsmaster/src/plfsmaster/restore.rs	4687	info	*mut uint8_t	UNKNOWN	Option<NonNull<_>> + per-site analysis	auto:type-shape
plfsmaster	plfsmaster/src/plfsmaster/restore.rs	4688	infosize	uint32_t	STATIC	AtomicU32	auto:type-shape
plfsmaster	plfsmaster/src/plfsmaster/restore.rs	5206	info	*mut uint8_t	UNKNOWN	Option<NonNull<_>> + per-site analysis	auto:type-shape
plfsmaster	plfsmaster/src/plfsmaster/restore.rs	5207	infosize	uint32_t	STATIC	AtomicU32	auto:type-shape
plfsmaster	plfsmaster/src/plfsmaster/restore.rs	544	errtab	[*const ::core::ffi::c_char; 65]	BUF	Mutex<[…; N]> or thread_local	auto:type-shape
plfsmaster	plfsmaster/src/plfsmaster/restore.rs	6	stderr	*mut FILE	UNKNOWN	Option<NonNull<_>> + per-site analysis	auto:type-shape
plfsmaster	plfsmaster/src/plfsmaster/restore.rs	6456	path	*mut uint8_t	UNKNOWN	Option<NonNull<_>> + per-site analysis	auto:type-shape
plfsmaster	plfsmaster/src/plfsmaster/restore.rs	6457	pathsize	uint32_t	STATIC	AtomicU32	auto:type-shape
plfsmaster	plfsmaster/src/plfsmaster/restore.rs	6858	value	*mut uint8_t	UNKNOWN	Option<NonNull<_>> + per-site analysis	auto:type-shape
plfsmaster	plfsmaster/src/plfsmaster/restore.rs	6859	valuesize	uint32_t	STATIC	AtomicU32	auto:type-shape
plfsmaster	plfsmaster/src/plfsmaster/restore.rs	704	attrblob	*mut uint8_t	UNKNOWN	Option<NonNull<_>> + per-site analysis	auto:type-shape
plfsmaster	plfsmaster/src/plfsmaster/restore.rs	705	attrblobsize	uint32_t	STATIC	AtomicU32	auto:type-shape
plfsmaster	plfsmaster/src/plfsmaster/restore.rs	7195	aclblob	*mut uint8_t	UNKNOWN	Option<NonNull<_>> + per-site analysis	auto:type-shape
plfsmaster	plfsmaster/src/plfsmaster/restore.rs	7196	aclblobsize	uint32_t	STATIC	AtomicU32	auto:type-shape
plfsmaster	plfsmaster/src/plfsmaster/restore.rs	7661	gidstr	*mut uint8_t	UNKNOWN	Option<NonNull<_>> + per-site analysis	auto:type-shape
plfsmaster	plfsmaster/src/plfsmaster/restore.rs	7662	gidstrsize	uint32_t	STATIC	AtomicU32	auto:type-shape
plfsmaster	plfsmaster/src/plfsmaster/restore.rs	7663	gid	*mut uint32_t	UNKNOWN	Option<NonNull<_>> + per-site analysis	auto:type-shape
plfsmaster	plfsmaster/src/plfsmaster/restore.rs	7664	gidsize	uint32_t	STATIC	AtomicU32	auto:type-shape
plfsmaster	plfsmaster/src/plfsmaster/restore.rs	8386	path	*mut uint8_t	UNKNOWN	Option<NonNull<_>> + per-site analysis	auto:type-shape
plfsmaster	plfsmaster/src/plfsmaster/restore.rs	8387	pathsize	uint32_t	STATIC	AtomicU32	auto:type-shape
plfsmaster	plfsmaster/src/plfsmaster/restore.rs	9714	labelexpr_buff	*mut uint8_t	UNKNOWN	Option<NonNull<_>> + per-site analysis	auto:type-shape
plfsmaster	plfsmaster/src/plfsmaster/restore.rs	9715	labelexpr_size	uint32_t	STATIC	AtomicU32	auto:type-shape
plfsmaster	plfsmaster/src/plfsmaster/sessions.rs	281	opname	[*const ::core::ffi::c_char; 28]	BUF	Mutex<[…; N]> or thread_local	auto:type-shape
plfsmaster	plfsmaster/src/plfsmaster/sessions.rs	312	sessionshashtab	[*mut session; 256]	BUF	Mutex<[…; N]> or thread_local	auto:type-shape
plfsmaster	plfsmaster/src/plfsmaster/sessions.rs	313	nextsessionid	uint32_t	STATIC	AtomicU32	auto:type-shape
plfsmaster	plfsmaster/src/plfsmaster/sessions.rs	314	SessionSustainTime	uint32_t	STATIC	AtomicU32	auto:type-shape
plfsmaster	plfsmaster/src/plfsmaster/sessions.rs	7	stderr	*mut FILE	UNKNOWN	Option<NonNull<_>> + per-site analysis	auto:type-shape
plfsmaster	plfsmaster/src/plfsmaster/storageclass.rs	328	tmp_storagemode	storagemode	BUF	Mutex<storagemode> or thread_local	auto:type-shape
plfsmaster	plfsmaster/src/plfsmaster/storageclass.rs	350	sclasstab	[storageclass; 256]	BUF	Mutex<[…; N]> or thread_local	auto:type-shape
plfsmaster	plfsmaster/src/plfsmaster/storageclass.rs	454	firstneverused	uint32_t	STATIC	AtomicU32	auto:type-shape
plfsmaster	plfsmaster/src/plfsmaster/storageclass.rs	455	ec_current_version	uint8_t	STATIC	AtomicU8	auto:type-shape
plfsmaster	plfsmaster/src/plfsmaster/storageclass.rs	456	MaxECRedundancyLevel	uint8_t	STATIC	AtomicU8	auto:type-shape
plfsmaster	plfsmaster/src/plfsmaster/storageclass.rs	457	DefaultECMODE	uint8_t	STATIC	AtomicU8	auto:type-shape
plfsmaster	plfsmaster/src/plfsmaster/storageclass.rs	7	stderr	*mut FILE	UNKNOWN	Option<NonNull<_>> + per-site analysis	auto:type-shape
plfsmaster	plfsmaster/src/plfsmaster/topology.rs	182	racktree	*mut ::core::ffi::c_void	UNKNOWN	Option<NonNull<_>> + per-site analysis	auto:type-shape
plfsmaster	plfsmaster/src/plfsmaster/topology.rs	183	TopologyFileName	*mut ::core::ffi::c_char =	UNKNOWN	Option<NonNull<_>> + per-site analysis	auto:type-shape
plfsmaster	plfsmaster/src/plfsmaster/topology.rs	186	rackhashtab	[*mut rackhashentry; 4096] =	BUF	Mutex<[…; N]> or thread_local	auto:type-shape
plfsmaster	plfsmaster/src/plfsmaster/topology.rs	188	rackidtab	*mut *mut rackhashentry	UNKNOWN	Option<NonNull<_>> + per-site analysis	auto:type-shape
plfsmaster	plfsmaster/src/plfsmaster/topology.rs	189	rackidtabsize	uint32_t	STATIC	AtomicU32	auto:type-shape
plfsmaster	plfsmaster/src/plfsmaster/topology.rs	190	rackidnext	uint32_t	STATIC	AtomicU32	auto:type-shape
plfsmaster	plfsmaster/src/plfsmaster/topology.rs	384	rackhashtab_stash	[*mut rackhashentry; 4096] =	BUF	Mutex<[…; N]> or thread_local	auto:type-shape
plfsmaster	plfsmaster/src/plfsmaster/topology.rs	386	rackidtab_stash	*mut *mut rackhashentry	UNKNOWN	Option<NonNull<_>> + per-site analysis	auto:type-shape
plfsmaster	plfsmaster/src/plfsmaster/topology.rs	387	rackidtabsize_stash	uint32_t	STATIC	AtomicU32	auto:type-shape
plfsmaster	plfsmaster/src/plfsmaster/topology.rs	388	rackidnext_stash	uint32_t	STATIC	AtomicU32	auto:type-shape
plfsmaster	plfsmaster/src/plfsmaster/topology.rs	6	stderr	*mut FILE	UNKNOWN	Option<NonNull<_>> + per-site analysis	auto:type-shape
plfsmaster	plfsmaster/src/plfsmaster/xattr.rs	10	stderr	*mut FILE	UNKNOWN	Option<NonNull<_>> + per-site analysis	auto:type-shape
plfsmaster	plfsmaster/src/plfsmaster/xattr.rs	240	xattrhashtab	[*mut *mut xattrentry; 2048] =	BUF	Mutex<[…; N]> or thread_local	auto:type-shape
plfsmaster	plfsmaster/src/plfsmaster/xattr.rs	242	xattrrehashpos	uint32_t	STATIC	AtomicU32	auto:type-shape
plfsmaster	plfsmaster/src/plfsmaster/xattr.rs	243	xattrhashsize	uint32_t	STATIC	AtomicU32	auto:type-shape
plfsmaster	plfsmaster/src/plfsmaster/xattr.rs	244	xattrhashelem	uint32_t	STATIC	AtomicU32	auto:type-shape
plfsmetalogger	plfsmetalogger/src/plfscommon/main.rs	32	id	[c_char; 72] =	BUF	Mutex<[…; N]> or thread_local	auto:type-shape
plfsmetalogger	plfsmetalogger/src/plfscommon/main.rs	36	RunTab	[InitEntry; 2]	BUF	Mutex<[…; N]> or thread_local	auto:type-shape
plfsmetalogger	plfsmetalogger/src/plfscommon/main.rs	51	LateRunTab	[InitEntry; 1]	BUF	Mutex<[…; N]> or thread_local	auto:type-shape
plfsmetalogger	plfsmetalogger/src/plfscommon/main.rs	57	RestoreRunTab	[InitEntry; 1]	BUF	Mutex<[…; N]> or thread_local	auto:type-shape
plfsmount	plfsmount/src/fuse_client/masterproxy.rs	162	lsock	::core::ffi::c_int	BUF	Mutex<::core::ffi::c_int> or thread_local	auto:type-shape
plfsmount	plfsmount/src/fuse_client/masterproxy.rs	165	proxyhost	uint32_t	STATIC	AtomicU32	auto:type-shape
plfsmount	plfsmount/src/fuse_client/masterproxy.rs	166	proxyport	uint16_t	STATIC	AtomicU16	auto:type-shape
plfsmount	plfsmount/src/fuse_client/mfs_fuse.rs	1114	masterinfoattr	[uint8_t; 36]	BUF	Mutex<[…; N]> or thread_local	auto:type-shape
plfsmount	plfsmount/src/fuse_client/mfs_fuse.rs	1155	statsattr	[uint8_t; 36]	BUF	Mutex<[…; N]> or thread_local	auto:type-shape
plfsmount	plfsmount/src/fuse_client/mfs_fuse.rs	1199	oplogattr	[uint8_t; 36]	BUF	Mutex<[…; N]> or thread_local	auto:type-shape
plfsmount	plfsmount/src/fuse_client/mfs_fuse.rs	1240	mooseattr	[uint8_t; 36]	BUF	Mutex<[…; N]> or thread_local	auto:type-shape
plfsmount	plfsmount/src/fuse_client/mfs_fuse.rs	1281	randomattr	[uint8_t; 36]	BUF	Mutex<[…; N]> or thread_local	auto:type-shape
plfsmount	plfsmount/src/fuse_client/mfs_fuse.rs	1322	paramsattr	[uint8_t; 36]	BUF	Mutex<[…; N]> or thread_local	auto:type-shape
plfsmount	plfsmount/src/fuse_client/mfs_fuse.rs	1365	dinval	::core::ffi::c_int	BUF	Mutex<::core::ffi::c_int> or thread_local	auto:type-shape
plfsmount	plfsmount/src/fuse_client/mfs_fuse.rs	1366	rndz	uint32_t	STATIC	AtomicU32	auto:type-shape
plfsmount	plfsmount/src/fuse_client/mfs_fuse.rs	1367	rndw	uint32_t	STATIC	AtomicU32	auto:type-shape
plfsmount	plfsmount/src/fuse_client/mfs_fuse.rs	1368	rndjsr	uint32_t	STATIC	AtomicU32	auto:type-shape
plfsmount	plfsmount/src/fuse_client/mfs_fuse.rs	1369	rndjcong	uint32_t	STATIC	AtomicU32	auto:type-shape
plfsmount	plfsmount/src/fuse_client/mfs_fuse.rs	1533	fuse_comm	*mut fuse_session	UNKNOWN	Option<NonNull<_>> + per-site analysis	auto:type-shape
plfsmount	plfsmount/src/fuse_client/mfs_fuse.rs	1534	debug_mode	::core::ffi::c_int	BUF	Mutex<::core::ffi::c_int> or thread_local	auto:type-shape
plfsmount	plfsmount/src/fuse_client/mfs_fuse.rs	1535	usedircache	::core::ffi::c_int	BUF	Mutex<::core::ffi::c_int> or thread_local	auto:type-shape
plfsmount	plfsmount/src/fuse_client/mfs_fuse.rs	1536	keep_cache	::core::ffi::c_int	BUF	Mutex<::core::ffi::c_int> or thread_local	auto:type-shape
plfsmount	plfsmount/src/fuse_client/mfs_fuse.rs	1537	readdirplus_cache_min_timeout	::core::ffi::c_double	BUF	Mutex<::core::ffi::c_double> or thread_local	auto:type-shape
plfsmount	plfsmount/src/fuse_client/mfs_fuse.rs	1538	direntry_cache_timeout	::core::ffi::c_double	BUF	Mutex<::core::ffi::c_double> or thread_local	auto:type-shape
plfsmount	plfsmount/src/fuse_client/mfs_fuse.rs	1539	entry_cache_timeout	::core::ffi::c_double	BUF	Mutex<::core::ffi::c_double> or thread_local	auto:type-shape
plfsmount	plfsmount/src/fuse_client/mfs_fuse.rs	1540	attr_cache_timeout	::core::ffi::c_double	BUF	Mutex<::core::ffi::c_double> or thread_local	auto:type-shape
plfsmount	plfsmount/src/fuse_client/mfs_fuse.rs	1541	mkdir_copy_sgid	::core::ffi::c_int	BUF	Mutex<::core::ffi::c_int> or thread_local	auto:type-shape
plfsmount	plfsmount/src/fuse_client/mfs_fuse.rs	1542	sugid_clear_mode	::core::ffi::c_int	BUF	Mutex<::core::ffi::c_int> or thread_local	auto:type-shape
plfsmount	plfsmount/src/fuse_client/mfs_fuse.rs	1543	xattr_cache_on	::core::ffi::c_int	BUF	Mutex<::core::ffi::c_int> or thread_local	auto:type-shape
plfsmount	plfsmount/src/fuse_client/mfs_fuse.rs	1544	xattr_acl_support	::core::ffi::c_int	BUF	Mutex<::core::ffi::c_int> or thread_local	auto:type-shape
plfsmount	plfsmount/src/fuse_client/mfs_fuse.rs	1545	fsync_before_close_min_time	::core::ffi::c_double	BUF	Mutex<::core::ffi::c_double> or thread_local	auto:type-shape
plfsmount	plfsmount/src/fuse_client/mfs_fuse.rs	1546	no_xattrs	::core::ffi::c_int	BUF	Mutex<::core::ffi::c_int> or thread_local	auto:type-shape
plfsmount	plfsmount/src/fuse_client/mfs_fuse.rs	1547	no_posix_locks	::core::ffi::c_int	BUF	Mutex<::core::ffi::c_int> or thread_local	auto:type-shape
plfsmount	plfsmount/src/fuse_client/mfs_fuse.rs	1548	no_bsd_locks	::core::ffi::c_int	BUF	Mutex<::core::ffi::c_int> or thread_local	auto:type-shape
plfsmount	plfsmount/src/fuse_client/mfs_fuse.rs	1549	full_permissions	::core::ffi::c_int	BUF	Mutex<::core::ffi::c_int> or thread_local	auto:type-shape
plfsmount	plfsmount/src/fuse_client/mfs_fuse.rs	1550	mfs_disables	uint32_t	STATIC	AtomicU32	auto:type-shape
plfsmount	plfsmount/src/fuse_client/mfs_fuse.rs	8053	mooseascii	[::core::ffi::c_char; 175]	BUF	Mutex<[…; N]> or thread_local	auto:type-shape
plfsmount	plfsmount/src/fuse_client/mfs_fuse.rs	9167	flock_reqid	uint32_t	STATIC	AtomicU32	auto:type-shape
plfsmount	plfsmount/src/fuse_client/mfs_fuse.rs	94	stderr	*mut FILE	UNKNOWN	Option<NonNull<_>> + per-site analysis	auto:type-shape
plfsmount	plfsmount/src/fuse_client/mfs_fuse.rs	9489	plock_reqid	uint32_t	STATIC	AtomicU32	auto:type-shape
plfsmount	plfsmount/src/fuse_client/mfs_meta_fuse.rs	1034	debug_mode	::core::ffi::c_int	BUF	Mutex<::core::ffi::c_int> or thread_local	auto:type-shape
plfsmount	plfsmount/src/fuse_client/mfs_meta_fuse.rs	1035	flat_trash	::core::ffi::c_int	BUF	Mutex<::core::ffi::c_int> or thread_local	auto:type-shape
plfsmount	plfsmount/src/fuse_client/mfs_meta_fuse.rs	1036	entry_cache_timeout	::core::ffi::c_double	BUF	Mutex<::core::ffi::c_double> or thread_local	auto:type-shape
plfsmount	plfsmount/src/fuse_client/mfs_meta_fuse.rs	1037	attr_cache_timeout	::core::ffi::c_double	BUF	Mutex<::core::ffi::c_double> or thread_local	auto:type-shape
plfsmount	plfsmount/src/fuse_client/mfs_meta_fuse.rs	30	stderr	*mut FILE	UNKNOWN	Option<NonNull<_>> + per-site analysis	auto:type-shape
plfsmount	plfsmount/src/fuse_client/mfs_meta_fuse.rs	381	masterinfoattr	[uint8_t; 36]	BUF	Mutex<[…; N]> or thread_local	auto:type-shape
plfsmount	plfsmount/src/fuse_client/oplog.rs	81	convts	time_t	STATIC	AtomicI64	auto:type-shape
plfsmount	plfsmount/src/fuse_client/oplog.rs	82	convtm	tm	BUF	Mutex<tm> or thread_local	auto:type-shape
plfsmount	plfsmount/src/fuse_client/plfsmount.rs	1178	id	[::core::ffi::c_char; 72]	BUF	Mutex<[…; N]> or thread_local	auto:type-shape
plfsmount	plfsmount/src/fuse_client/plfsmount.rs	1183	mfs_meta_oper	fuse_lowlevel_ops	BUF	Mutex<fuse_lowlevel_ops> or thread_local	auto:type-shape
plfsmount	plfsmount/src/fuse_client/plfsmount.rs	1297	mfs_oper	fuse_lowlevel_ops	BUF	Mutex<fuse_lowlevel_ops> or thread_local	auto:type-shape
plfsmount	plfsmount/src/fuse_client/plfsmount.rs	1514	mfsopts	mfsopts	BUF	Mutex<mfsopts> or thread_local	auto:type-shape
plfsmount	plfsmount/src/fuse_client/plfsmount.rs	1573	defaultmountpoint	*mut ::core::ffi::c_char =	UNKNOWN	Option<NonNull<_>> + per-site analysis	auto:type-shape
plfsmount	plfsmount/src/fuse_client/plfsmount.rs	1586	DEFAULTMOUNTPOINT_OWNER	Option<std::ffi::CString>	BUF	Mutex<Option<std::ffi::CString>> or thread_local	auto:type-shape
plfsmount	plfsmount/src/fuse_client/plfsmount.rs	1599	custom_cfg	::core::ffi::c_int	BUF	Mutex<::core::ffi::c_int> or thread_local	auto:type-shape
plfsmount	plfsmount/src/fuse_client/plfsmount.rs	1600	mfs_opts_stage1	[fuse_opt; 3]	BUF	Mutex<[…; N]> or thread_local	auto:type-shape
plfsmount	plfsmount/src/fuse_client/plfsmount.rs	1605	mfs_opts_stage2	[fuse_opt; 70]	BUF	Mutex<[…; N]> or thread_local	auto:type-shape
plfsmount	plfsmount/src/fuse_client/plfsmount.rs	2245	fuse_init_set	uint8_t	STATIC	AtomicU8	auto:type-shape
plfsmount	plfsmount/src/fuse_client/plfsmount.rs	2246	fuse_proto_major	uint32_t	STATIC	AtomicU32	auto:type-shape
plfsmount	plfsmount/src/fuse_client/plfsmount.rs	2247	fuse_proto_minor	uint32_t	STATIC	AtomicU32	auto:type-shape
plfsmount	plfsmount/src/fuse_client/plfsmount.rs	2248	fuse_capable	uint32_t	STATIC	AtomicU32	auto:type-shape
plfsmount	plfsmount/src/fuse_client/plfsmount.rs	2249	fuse_defaults	uint32_t	STATIC	AtomicU32	auto:type-shape
plfsmount	plfsmount/src/fuse_client/plfsmount.rs	2250	fuse_want	uint32_t	STATIC	AtomicU32	auto:type-shape
plfsmount	plfsmount/src/fuse_client/plfsmount.rs	2329	params_sesflags	uint8_t	STATIC	AtomicU8	auto:type-shape
plfsmount	plfsmount/src/fuse_client/plfsmount.rs	2330	params_umaskval	uint16_t	STATIC	AtomicU16	auto:type-shape
plfsmount	plfsmount/src/fuse_client/plfsmount.rs	2331	params_maprootuid	uint32_t	STATIC	AtomicU32	auto:type-shape
plfsmount	plfsmount/src/fuse_client/plfsmount.rs	2332	params_maprootgid	uint32_t	STATIC	AtomicU32	auto:type-shape
plfsmount	plfsmount/src/fuse_client/plfsmount.rs	2333	params_mapalluid	uint32_t	STATIC	AtomicU32	auto:type-shape
plfsmount	plfsmount/src/fuse_client/plfsmount.rs	2334	params_mapallgid	uint32_t	STATIC	AtomicU32	auto:type-shape
plfsmount	plfsmount/src/fuse_client/plfsmount.rs	2335	params_sclassgroups	int32_t	STATIC	AtomicI32	auto:type-shape
plfsmount	plfsmount/src/fuse_client/plfsmount.rs	2336	params_mingoal	uint8_t	STATIC	AtomicU8	auto:type-shape
plfsmount	plfsmount/src/fuse_client/plfsmount.rs	2337	params_maxgoal	uint8_t	STATIC	AtomicU8	auto:type-shape
plfsmount	plfsmount/src/fuse_client/plfsmount.rs	2338	params_mintrashretention	uint32_t	STATIC	AtomicU32	auto:type-shape
plfsmount	plfsmount/src/fuse_client/plfsmount.rs	2339	params_maxtrashretention	uint32_t	STATIC	AtomicU32	auto:type-shape
plfsmount	plfsmount/src/fuse_client/plfsmount.rs	2340	params_disables	uint32_t	STATIC	AtomicU32	auto:type-shape
plfsmount	plfsmount/src/fuse_client/plfsmount.rs	43	stdout	*mut FILE	UNKNOWN	Option<NonNull<_>> + per-site analysis	auto:type-shape
plfsmount	plfsmount/src/fuse_client/plfsmount.rs	44	stderr	*mut FILE	UNKNOWN	Option<NonNull<_>> + per-site analysis	auto:type-shape
plfsmount	plfsmount/src/plfscommon/strerr.rs	13	stderr	*mut FILE	UNKNOWN	Option<NonNull<_>> + per-site analysis	auto:type-shape
plfsmount	plfsmount/src/plfscommon/strerr.rs	216	errtab	[errent; 132]	BUF	Mutex<[…; N]> or thread_local	auto:type-shape
plfsnetdump	plfsnetdump/src/plfsnetdump.rs	1651	mfscmdtab	*mut mfscommand	UNKNOWN	Option<NonNull<_>> + per-site analysis	auto:type-shape
plfsnetdump	plfsnetdump/src/plfsnetdump.rs	1652	mfscmdtableng	uint32_t	STATIC	AtomicU32	auto:type-shape
plfsnetdump	plfsnetdump/src/plfsnetdump.rs	1858	ft	uint8_t	STATIC	AtomicU8	auto:type-shape
plfsnetdump	plfsnetdump/src/plfsnetdump.rs	1896	color_tab	[*const ::core::ffi::c_char; 17]	BUF	Mutex<[…; N]> or thread_local	auto:type-shape
plfsnetdump	plfsnetdump/src/plfsnetdump.rs	19	stderr	*mut FILE	UNKNOWN	Option<NonNull<_>> + per-site analysis	auto:type-shape
plfsnetdump	plfsnetdump/src/plfsnetdump.rs	1946	connhead	*mut connection	UNKNOWN	Option<NonNull<_>> + per-site analysis	auto:type-shape
plfsnetdump	plfsnetdump/src/plfsnetdump.rs	26	optarg	*mut ::core::ffi::c_char	UNKNOWN	Option<NonNull<_>> + per-site analysis	auto:type-shape
plfsnetdump	plfsnetdump/src/plfsnetdump.rs	550	id	[::core::ffi::c_char; 72]	BUF	Mutex<[…; N]> or thread_local	auto:type-shape
plfsnetdump	plfsnetdump/src/plfsnetdump.rs	556	cmdtab	[_mfscmd; 273]	BUF	Mutex<[…; N]> or thread_local	auto:type-shape
